04:54:30 | INFO: Data are loaded, start creating Blender stuff
04:54:30 | INFO: Blender create Mesh node 0
04:54:30 | INFO: Blender create Mesh node 1
04:54:30 | INFO: Blender create Mesh node 2
04:54:30 | INFO: Blender create Mesh node 3
04:54:30 | INFO: Blender create Mesh node 4
04:54:30 | INFO: Blender create Mesh node 5
04:54:30 | INFO: Blender create Mesh node 6
04:54:30 | INFO: Blender create Mesh node 7
04:54:30 | INFO: Blender create Mesh node 8
04:54:30 | INFO: Blender create Mesh node 9
04:54:30 | INFO: Blender create Mesh node 10
04:54:30 | INFO: Blender create Mesh node 11
04:54:30 | INFO: Blender create Mesh node 12
04:54:30 | INFO: Blender create Mesh node 13
04:54:30 | INFO: Blender create Mesh node 14
04:54:30 | INFO: Blender create Mesh node 15
04:54:30 | INFO: Blender create Mesh node 16
04:54:30 | INFO: Blender create Mesh node 17
04:54:30 | INFO: Blender create Mesh node 18
04:54:30 | INFO: Blender create Mesh node 19
04:54:30 | INFO: Blender create Mesh node 20
04:54:30 | INFO: Blender create Mesh node 21
04:54:30 | INFO: Blender create Mesh node 22
04:54:30 | INFO: Blender create Mesh node 23
04:54:30 | INFO: Blender create Mesh node 24
04:54:30 | INFO: Blender create Mesh node 25
04:54:30 | INFO: Blender create Mesh node 26
04:54:30 | INFO: Blender create Mesh node 27
04:54:30 | INFO: Blender create Mesh node 28
04:54:30 | INFO: Blender create Mesh node 29
04:54:30 | INFO: Blender create Mesh node 30
04:54:30 | INFO: Blender create Mesh node 31
04:54:30 | INFO: Blender create Mesh node 32
04:54:30 | INFO: Blender create Mesh node 33
04:54:30 | INFO: Blender create Mesh node 34
04:54:30 | INFO: Blender create Mesh node 35
04:54:30 | INFO: Blender create Mesh node 36
04:54:30 | INFO: Blender create Mesh node 37
04:54:30 | INFO: Blender create Mesh node 38
04:54:30 | INFO: Blender create Mesh node 39
04:54:30 | INFO: Blender create Mesh node 40
04:54:30 | INFO: Blender create Mesh node 41
04:54:30 | INFO: Blender create Mesh node 42
04:54:30 | INFO: Blender create Mesh node 43
04:54:30 | INFO: Blender create Mesh node 44
04:54:30 | INFO: Blender create Mesh node 45
04:54:30 | INFO: Blender create Mesh node 46
04:54:30 | INFO: Blender create Mesh node 47
04:54:30 | INFO: Blender create Mesh node 48
04:54:30 | INFO: Blender create Mesh node 49
04:54:30 | INFO: Blender create Mesh node 50
04:54:30 | INFO: Blender create Mesh node 51
04:54:30 | INFO: Blender create Mesh node 52
04:54:30 | INFO: Blender create Mesh node 53
04:54:30 | INFO: Blender create Mesh node 54
04:54:30 | INFO: Blender create Mesh node 55
04:54:30 | INFO: Blender create Mesh node 56
04:54:30 | INFO: Blender create Mesh node 57
04:54:30 | INFO: Blender create Mesh node 58
04:54:30 | INFO: Blender create Mesh node 59
04:54:30 | INFO: Blender create Mesh node 60
04:54:30 | INFO: Blender create Mesh node 61
04:54:30 | INFO: Blender create Mesh node 62
04:54:30 | INFO: Blender create Mesh node 63
04:54:30 | INFO: Blender create Mesh node 64
04:54:30 | INFO: Blender create Mesh node 65
04:54:30 | INFO: Blender create Mesh node 66
04:54:30 | INFO: Blender create Mesh node 67
04:54:30 | INFO: Blender create Mesh node 68
04:54:30 | INFO: Blender create Mesh node 69
04:54:30 | INFO: Blender create Mesh node 70
04:54:30 | INFO: Blender create Mesh node 71
04:54:30 | INFO: Blender create Mesh node 72
04:54:30 | INFO: Blender create Mesh node 73
04:54:30 | INFO: Blender create Mesh node 74
04:54:30 | INFO: Blender create Mesh node 75
04:54:30 | INFO: Blender create Mesh node 76
04:54:30 | INFO: Blender create Mesh node 77
04:54:30 | INFO: Blender create Mesh node 78
04:54:30 | INFO: Blender create Mesh node 79
04:54:30 | INFO: Blender create Mesh node 80
04:54:30 | INFO: Blender create Mesh node 81
04:54:30 | INFO: Blender create Mesh node 82
04:54:30 | INFO: Blender create Mesh node 83
04:54:30 | INFO: Blender create Mesh node 84
04:54:30 | INFO: Blender create Mesh node 85
04:54:30 | INFO: Blender create Mesh node 86
04:54:30 | INFO: Blender create Mesh node 87
04:54:30 | INFO: Blender create Mesh node 88
04:54:30 | INFO: Blender create Mesh node 89
04:54:30 | INFO: Blender create Mesh node 90
04:54:30 | INFO: Blender create Mesh node 91
04:54:30 | INFO: Blender create Mesh node 92
04:54:30 | INFO: Blender create Mesh node 93
04:54:30 | INFO: Blender create Mesh node 94
04:54:30 | INFO: Blender create Mesh node 95
04:54:30 | INFO: Blender create Mesh node 96
04:54:30 | INFO: Blender create Mesh node 97
04:54:30 | INFO: Blender create Mesh node 98
04:54:30 | INFO: Blender create Mesh node 99
04:54:30 | INFO: Blender create Mesh node 100
04:54:30 | INFO: Blender create Mesh node 101
04:54:30 | INFO: Blender create Mesh node 102
04:54:30 | INFO: Blender create Mesh node 103
04:54:30 | INFO: Blender create Mesh node 104
04:54:30 | INFO: Blender create Mesh node 105
04:54:30 | INFO: Blender create Mesh node 106
04:54:30 | INFO: Blender create Mesh node 107
04:54:30 | INFO: Blender create Mesh node 108
04:54:30 | INFO: Blender create Mesh node 109
04:54:30 | INFO: Blender create Mesh node 110
04:54:30 | INFO: Blender create Mesh node 111
04:54:30 | INFO: Blender create Mesh node 112
04:54:30 | INFO: Blender create Mesh node 113
04:54:30 | INFO: Blender create Mesh node 114
04:54:30 | INFO: Blender create Mesh node 115
04:54:30 | INFO: Blender create Mesh node 116
04:54:30 | INFO: Blender create Mesh node 117
04:54:30 | INFO: Blender create Mesh node 118
04:54:30 | INFO: Blender create Mesh node 119
04:54:30 | INFO: Blender create Mesh node 120
04:54:30 | INFO: Blender create Mesh node 121
04:54:30 | INFO: Blender create Mesh node 122
04:54:30 | INFO: Blender create Mesh node 123
04:54:30 | INFO: Blender create Mesh node 124
04:54:30 | INFO: Blender create Mesh node 125
04:54:30 | INFO: Blender create Mesh node 126
04:54:30 | INFO: Blender create Mesh node 127
04:54:30 | INFO: Blender create Mesh node 128
04:54:30 | INFO: Blender create Mesh node 129
04:54:30 | INFO: Blender create Mesh node 130
04:54:30 | INFO: Blender create Mesh node 131
04:54:30 | INFO: Blender create Mesh node 132
04:54:30 | INFO: Blender create Mesh node 133
04:54:30 | INFO: Blender create Mesh node 134
04:54:30 | INFO: Blender create Mesh node 135
04:54:30 | INFO: Blender create Mesh node 136
04:54:30 | INFO: Blender create Mesh node 137
04:54:30 | INFO: Blender create Mesh node 138
04:54:30 | INFO: Blender create Mesh node 139
04:54:30 | INFO: Blender create Mesh node 140
04:54:30 | INFO: Blender create Mesh node 141
04:54:30 | INFO: Blender create Mesh node 142
04:54:30 | INFO: Blender create Mesh node 143
04:54:30 | INFO: Blender create Mesh node 144
04:54:30 | INFO: Blender create Mesh node 145
04:54:30 | INFO: Blender create Mesh node 146
04:54:30 | INFO: Blender create Mesh node 147
04:54:30 | INFO: Blender create Mesh node 148
04:54:30 | INFO: Blender create Mesh node 149
04:54:30 | INFO: Blender create Mesh node 150
04:54:30 | INFO: Blender create Mesh node 151
04:54:30 | INFO: Blender create Mesh node 152
04:54:30 | INFO: Blender create Mesh node 153
04:54:30 | INFO: Blender create Mesh node 154
04:54:30 | INFO: Blender create Mesh node 155
04:54:30 | INFO: Blender create Mesh node 156
04:54:30 | INFO: Blender create Mesh node 157
04:54:30 | INFO: Blender create Mesh node 158
04:54:30 | INFO: Blender create Mesh node 159
04:54:30 | INFO: Blender create Mesh node 160
04:54:30 | INFO: Blender create Mesh node 161
04:54:30 | INFO: Blender create Mesh node 162
04:54:30 | INFO: Blender create Mesh node 163
04:54:30 | INFO: Blender create Mesh node 164
04:54:30 | INFO: Blender create Mesh node 165
04:54:30 | INFO: Blender create Mesh node 166
04:54:30 | INFO: Blender create Mesh node 167
04:54:30 | INFO: Blender create Mesh node 168
04:54:30 | INFO: Blender create Mesh node 169
04:54:30 | INFO: Blender create Mesh node 170
04:54:30 | INFO: Blender create Mesh node 171
04:54:30 | INFO: Blender create Mesh node 172
04:54:30 | INFO: Blender create Mesh node 173
04:54:30 | INFO: Blender create Mesh node 174
04:54:30 | INFO: Blender create Mesh node 175
04:54:30 | INFO: Blender create Mesh node 176
04:54:30 | INFO: Blender create Mesh node 177
04:54:30 | INFO: Blender create Mesh node 178
04:54:30 | INFO: Blender create Mesh node 179
04:54:30 | INFO: Blender create Mesh node 180
04:54:30 | INFO: Blender create Mesh node 181
04:54:30 | INFO: Blender create Mesh node 182
04:54:30 | INFO: Blender create Mesh node 183
04:54:30 | INFO: Blender create Mesh node 184
04:54:30 | INFO: Blender create Mesh node 185
04:54:30 | INFO: Blender create Mesh node 186
04:54:30 | INFO: Blender create Mesh node 187
04:54:30 | INFO: Blender create Mesh node 188
04:54:30 | INFO: Blender create Mesh node 189
04:54:30 | INFO: Blender create Mesh node 190
04:54:30 | INFO: Blender create Mesh node 191
04:54:30 | INFO: Blender create Mesh node 192
04:54:30 | INFO: Blender create Mesh node 193
04:54:30 | INFO: Blender create Mesh node 194
04:54:30 | INFO: Blender create Mesh node 195
04:54:30 | INFO: Blender create Mesh node 196
04:54:30 | INFO: Blender create Mesh node 197
04:54:30 | INFO: Blender create Mesh node 198
04:54:30 | INFO: Blender create Mesh node 199
04:54:30 | INFO: Blender create Mesh node 200
04:54:30 | INFO: Blender create Mesh node 201
04:54:30 | INFO: Blender create Mesh node 202
04:54:30 | INFO: Blender create Mesh node 203
04:54:30 | INFO: Blender create Mesh node 204
04:54:30 | INFO: Blender create Mesh node 205
04:54:30 | INFO: Blender create Mesh node 206
04:54:30 | INFO: Blender create Mesh node 207
04:54:30 | INFO: Blender create Mesh node 208
04:54:30 | INFO: Blender create Mesh node 209
04:54:30 | INFO: Blender create Mesh node 210
04:54:30 | INFO: Blender create Mesh node 211
04:54:30 | INFO: Blender create Mesh node 212
04:54:30 | INFO: Blender create Mesh node 213
04:54:30 | INFO: Blender create Mesh node 214
04:54:30 | INFO: Blender create Mesh node 215
04:54:30 | INFO: Blender create Mesh node 216
04:54:30 | INFO: Blender create Mesh node 217
04:54:30 | INFO: Blender create Mesh node 218
04:54:30 | INFO: Blender create Mesh node 219
04:54:30 | INFO: Blender create Mesh node 220
04:54:30 | INFO: Blender create Mesh node 221
04:54:30 | INFO: Blender create Mesh node 222
04:54:30 | INFO: Blender create Mesh node 223
04:54:30 | INFO: Blender create Mesh node 224
04:54:30 | INFO: Blender create Mesh node 225
04:54:30 | INFO: Blender create Mesh node 226
04:54:30 | INFO: Blender create Mesh node 227
04:54:30 | INFO: Blender create Mesh node 228
04:54:30 | INFO: Blender create Mesh node 229
04:54:30 | INFO: Blender create Mesh node 230
04:54:30 | INFO: Blender create Mesh node 231
04:54:30 | INFO: Blender create Mesh node 232
04:54:30 | INFO: Blender create Mesh node 233
04:54:30 | INFO: Blender create Mesh node 234
04:54:30 | INFO: Blender create Mesh node 235
04:54:30 | INFO: Blender create Mesh node 236
04:54:30 | INFO: Blender create Mesh node 237
04:54:30 | INFO: Blender create Mesh node 238
04:54:30 | INFO: Blender create Mesh node 239
04:54:30 | INFO: Blender create Mesh node 240
04:54:30 | INFO: Blender create Mesh node 241
04:54:30 | INFO: Blender create Mesh node 242
04:54:30 | INFO: Blender create Mesh node 243
04:54:30 | INFO: Blender create Mesh node 244
04:54:30 | INFO: Blender create Mesh node 245
04:54:30 | INFO: Blender create Mesh node 246
04:54:30 | INFO: Blender create Mesh node 247
04:54:30 | INFO: Blender create Mesh node 248
04:54:30 | INFO: Blender create Mesh node 249
04:54:30 | INFO: Blender create Mesh node 250
04:54:30 | INFO: Blender create Mesh node 251
04:54:30 | INFO: Blender create Mesh node 252
04:54:30 | INFO: Blender create Mesh node 253
04:54:30 | INFO: Blender create Mesh node 254
04:54:30 | INFO: Blender create Mesh node 255
04:54:30 | INFO: Blender create Mesh node 256
04:54:30 | INFO: Blender create Mesh node 257
04:54:30 | INFO: Blender create Mesh node 258
04:54:30 | INFO: Blender create Mesh node 259
04:54:30 | INFO: Blender create Mesh node 260
04:54:30 | INFO: Blender create Mesh node 261
04:54:30 | INFO: Blender create Mesh node 262
04:54:30 | INFO: Blender create Mesh node 263
04:54:30 | INFO: Blender create Mesh node 264
04:54:30 | INFO: Blender create Mesh node 265
04:54:30 | INFO: Blender create Mesh node 266
04:54:30 | INFO: Blender create Mesh node 267
04:54:30 | INFO: Blender create Mesh node 268
04:54:31 | INFO: Blender create Mesh node 269
04:54:31 | INFO: Blender create Mesh node 270
04:54:31 | INFO: Blender create Mesh node 271
04:54:31 | INFO: Blender create Mesh node 272
04:54:31 | INFO: Blender create Mesh node 273
04:54:31 | INFO: Blender create Mesh node 274
04:54:31 | INFO: Blender create Mesh node 275
04:54:31 | INFO: Blender create Mesh node 276
04:54:31 | INFO: Blender create Mesh node 277
04:54:31 | INFO: Blender create Mesh node 278
04:54:31 | INFO: Blender create Mesh node 279
04:54:31 | INFO: Blender create Mesh node 280
04:54:31 | INFO: Blender create Mesh node 281
04:54:31 | INFO: Blender create Mesh node 282
04:54:31 | INFO: Blender create Mesh node 283
04:54:31 | INFO: Blender create Mesh node 284
04:54:31 | INFO: Blender create Mesh node 285
04:54:31 | INFO: Blender create Mesh node 286
04:54:31 | INFO: Blender create Mesh node 287
04:54:31 | INFO: Blender create Mesh node 288
04:54:31 | INFO: Blender create Mesh node 289
04:54:31 | INFO: Blender create Mesh node 290
04:54:31 | INFO: Blender create Mesh node 291
04:54:31 | INFO: Blender create Mesh node 292
04:54:31 | INFO: Blender create Mesh node 293
04:54:31 | INFO: Blender create Mesh node 294
04:54:31 | INFO: Blender create Mesh node 295
04:54:31 | INFO: Blender create Mesh node 296
04:54:31 | INFO: Blender create Mesh node 297
04:54:31 | INFO: Blender create Mesh node 298
04:54:31 | INFO: Blender create Mesh node 299
04:54:31 | INFO: Blender create Mesh node 300
04:54:31 | INFO: Blender create Mesh node 301
04:54:31 | INFO: Blender create Mesh node 302
04:54:31 | INFO: Blender create Mesh node 303
04:54:31 | INFO: Blender create Mesh node 304
04:54:31 | INFO: Blender create Mesh node 305
04:54:31 | INFO: Blender create Mesh node 306
04:54:31 | INFO: Blender create Mesh node 307
04:54:31 | INFO: Blender create Mesh node 308
04:54:31 | INFO: Blender create Mesh node 309
04:54:31 | INFO: Blender create Mesh node 310
04:54:31 | INFO: Blender create Mesh node 311
04:54:31 | INFO: Blender create Mesh node 312
04:54:31 | INFO: Blender create Mesh node 313
04:54:31 | INFO: Blender create Mesh node 314
04:54:31 | INFO: Blender create Mesh node 315
04:54:31 | INFO: Blender create Mesh node 316
04:54:31 | INFO: Blender create Mesh node 317
04:54:31 | INFO: Blender create Mesh node 318
04:54:31 | INFO: Blender create Mesh node 319
04:54:31 | INFO: Blender create Mesh node 320
04:54:31 | INFO: glTF import finished in 1.03s
INFO Draco is available, use library at /Applications/Blender.app/Contents/Resources/5.2/scripts/addons_core/io_scene_gltf2/libbf_intern_draco_bridge.dylib
INFO MeshOptimizer is available, use library at /Applications/Blender.app/Contents/Resources/5.2/scripts/addons_core/io_scene_gltf2/libbf_intern_meshopt_bridge.dylib
04:54:31 | INFO: Starting glTF 2.0 export
04:54:31 | INFO: Extracting primitive: Mesh_316
04:54:31 | WARNING: More than one shader node tex image used for a texture. The resulting glTF sampler will behave like the first shader node tex image.
04:54:31 | INFO: Primitives created: 1
04:54:31 | INFO: Extracting primitive: Mesh_315
04:54:31 | WARNING: More than one shader node tex image used for a texture. The resulting glTF sampler will behave like the first shader node tex image.
04:54:31 | INFO: Primitives created: 1
04:54:31 | INFO: Extracting primitive: Mesh_314
04:54:31 | WARNING: More than one shader node tex image used for a texture. The resulting glTF sampler will behave like the first shader node tex image.
04:54:31 | INFO: Primitives created: 1
04:54:31 | INFO: Extracting primitive: Mesh_313
04:54:31 | WARNING: More than one shader node tex image used for a texture. The resulting glTF sampler will behave like the first shader node tex image.
04:54:31 | INFO: Primitives created: 1
04:54:31 | INFO: Extracting primitive: Mesh_320
04:54:31 | WARNING: More than one shader node tex image used for a texture. The resulting glTF sampler will behave like the first shader node tex image.
04:54:31 | INFO: Primitives created: 1
04:54:31 | INFO: Extracting primitive: Mesh_319
04:54:31 | WARNING: More than one shader node tex image used for a texture. The resulting glTF sampler will behave like the first shader node tex image.
04:54:31 | INFO: Primitives created: 1
04:54:31 | INFO: Extracting primitive: Mesh_318
04:54:31 | WARNING: More than one shader node tex image used for a texture. The resulting glTF sampler will behave like the first shader node tex image.
04:54:31 | INFO: Primitives created: 1
04:54:31 | INFO: Extracting primitive: Mesh_317
04:54:31 | WARNING: More than one shader node tex image used for a texture. The resulting glTF sampler will behave like the first shader node tex image.
04:54:31 | INFO: Primitives created: 1
04:54:31 | INFO: Extracting primitive: Mesh_3
04:54:31 | WARNING: More than one shader node tex image used for a texture. The resulting glTF sampler will behave like the first shader node tex image.
04:54:31 | INFO: Primitives created: 1
04:54:31 | INFO: Extracting primitive: Mesh_132
04:54:31 | WARNING: More than one shader node tex image used for a texture. The resulting glTF sampler will behave like the first shader node tex image.
04:54:31 | INFO: Primitives created: 1
04:54:31 | INFO: Extracting primitive: Mesh_134
04:54:31 | WARNING: More than one shader node tex image used for a texture. The resulting glTF sampler will behave like the first shader node tex image.
04:54:31 | INFO: Primitives created: 1
04:54:31 | INFO: Extracting primitive: Mesh_133
04:54:31 | WARNING: More than one shader node tex image used for a texture. The resulting glTF sampler will behave like the first shader node tex image.
04:54:31 | INFO: Primitives created: 1
04:54:31 | INFO: Extracting primitive: Mesh_129
04:54:31 | WARNING: More than one shader node tex image used for a texture. The resulting glTF sampler will behave like the first shader node tex image.
04:54:31 | INFO: Primitives created: 1
04:54:31 | INFO: Extracting primitive: Mesh_41
04:54:31 | WARNING: More than one shader node tex image used for a texture. The resulting glTF sampler will behave like the first shader node tex image.
04:54:31 | INFO: Primitives created: 1
04:54:31 | INFO: Extracting primitive: Mesh_42
04:54:31 | WARNING: More than one shader node tex image used for a texture. The resulting glTF sampler will behave like the first shader node tex image.
04:54:31 | INFO: Primitives created: 1
04:54:31 | INFO: Extracting primitive: Mesh_45
04:54:31 | WARNING: More than one shader node tex image used for a texture. The resulting glTF sampler will behave like the first shader node tex image.
04:54:31 | INFO: Primitives created: 1
04:54:31 | INFO: Extracting primitive: Mesh_48
04:54:31 | WARNING: More than one shader node tex image used for a texture. The resulting glTF sampler will behave like the first shader node tex image.
04:54:31 | INFO: Primitives created: 1
04:54:31 | INFO: Extracting primitive: Mesh_51
04:54:31 | WARNING: More than one shader node tex image used for a texture. The resulting glTF sampler will behave like the first shader node tex image.
04:54:31 | INFO: Primitives created: 1
04:54:31 | INFO: Extracting primitive: Mesh_54
04:54:31 | WARNING: More than one shader node tex image used for a texture. The resulting glTF sampler will behave like the first shader node tex image.
04:54:31 | INFO: Primitives created: 1
04:54:31 | INFO: Extracting primitive: Mesh_57
04:54:31 | WARNING: More than one shader node tex image used for a texture. The resulting glTF sampler will behave like the first shader node tex image.
04:54:31 | INFO: Primitives created: 1
04:54:31 | INFO: Extracting primitive: Mesh_60
04:54:31 | WARNING: More than one shader node tex image used for a texture. The resulting glTF sampler will behave like the first shader node tex image.
04:54:31 | INFO: Primitives created: 1
04:54:31 | INFO: Extracting primitive: Mesh_63
04:54:31 | WARNING: More than one shader node tex image used for a texture. The resulting glTF sampler will behave like the first shader node tex image.
04:54:31 | INFO: Primitives created: 1
04:54:31 | INFO: Extracting primitive: Mesh_66
04:54:31 | WARNING: More than one shader node tex image used for a texture. The resulting glTF sampler will behave like the first shader node tex image.
04:54:31 | INFO: Primitives created: 1
04:54:31 | INFO: Extracting primitive: Mesh_69
04:54:31 | WARNING: More than one shader node tex image used for a texture. The resulting glTF sampler will behave like the first shader node tex image.
04:54:31 | INFO: Primitives created: 1
04:54:31 | INFO: Extracting primitive: Mesh_72
04:54:31 | WARNING: More than one shader node tex image used for a texture. The resulting glTF sampler will behave like the first shader node tex image.
04:54:31 | INFO: Primitives created: 1
04:54:31 | INFO: Extracting primitive: Mesh_40
04:54:31 | WARNING: More than one shader node tex image used for a texture. The resulting glTF sampler will behave like the first shader node tex image.
04:54:31 | INFO: Primitives created: 1
04:54:31 | INFO: Extracting primitive: Mesh_43
04:54:31 | WARNING: More than one shader node tex image used for a texture. The resulting glTF sampler will behave like the first shader node tex image.
04:54:31 | INFO: Primitives created: 1
04:54:31 | INFO: Extracting primitive: Mesh_46
04:54:31 | WARNING: More than one shader node tex image used for a texture. The resulting glTF sampler will behave like the first shader node tex image.
04:54:31 | INFO: Primitives created: 1
04:54:31 | INFO: Extracting primitive: Mesh_49
04:54:31 | WARNING: More than one shader node tex image used for a texture. The resulting glTF sampler will behave like the first shader node tex image.
04:54:31 | INFO: Primitives created: 1
04:54:31 | INFO: Extracting primitive: Mesh_52
04:54:31 | WARNING: More than one shader node tex image used for a texture. The resulting glTF sampler will behave like the first shader node tex image.
04:54:31 | INFO: Primitives created: 1
04:54:31 | INFO: Extracting primitive: Mesh_55
04:54:31 | WARNING: More than one shader node tex image used for a texture. The resulting glTF sampler will behave like the first shader node tex image.
04:54:31 | INFO: Primitives created: 1
04:54:31 | INFO: Extracting primitive: Mesh_58
04:54:31 | WARNING: More than one shader node tex image used for a texture. The resulting glTF sampler will behave like the first shader node tex image.
04:54:31 | INFO: Primitives created: 1
04:54:31 | INFO: Extracting primitive: Mesh_61
04:54:31 | WARNING: More than one shader node tex image used for a texture. The resulting glTF sampler will behave like the first shader node tex image.
04:54:31 | INFO: Primitives created: 1
04:54:31 | INFO: Extracting primitive: Mesh_64
04:54:31 | WARNING: More than one shader node tex image used for a texture. The resulting glTF sampler will behave like the first shader node tex image.
04:54:31 | INFO: Primitives created: 1
04:54:31 | INFO: Extracting primitive: Mesh_67
04:54:31 | WARNING: More than one shader node tex image used for a texture. The resulting glTF sampler will behave like the first shader node tex image.
04:54:31 | INFO: Primitives created: 1
04:54:31 | INFO: Extracting primitive: Mesh_70
04:54:31 | WARNING: More than one shader node tex image used for a texture. The resulting glTF sampler will behave like the first shader node tex image.
04:54:31 | INFO: Primitives created: 1
04:54:31 | INFO: Extracting primitive: Mesh_44
04:54:31 | WARNING: More than one shader node tex image used for a texture. The resulting glTF sampler will behave like the first shader node tex image.
04:54:31 | INFO: Primitives created: 1
04:54:31 | INFO: Extracting primitive: Mesh_47
04:54:31 | WARNING: More than one shader node tex image used for a texture. The resulting glTF sampler will behave like the first shader node tex image.
04:54:31 | INFO: Primitives created: 1
04:54:31 | INFO: Extracting primitive: Mesh_50
04:54:31 | WARNING: More than one shader node tex image used for a texture. The resulting glTF sampler will behave like the first shader node tex image.
04:54:31 | INFO: Primitives created: 1
04:54:31 | INFO: Extracting primitive: Mesh_53
04:54:31 | WARNING: More than one shader node tex image used for a texture. The resulting glTF sampler will behave like the first shader node tex image.
04:54:31 | INFO: Primitives created: 1
04:54:31 | INFO: Extracting primitive: Mesh_56
04:54:31 | WARNING: More than one shader node tex image used for a texture. The resulting glTF sampler will behave like the first shader node tex image.
04:54:31 | INFO: Primitives created: 1
04:54:31 | INFO: Extracting primitive: Mesh_59
04:54:31 | WARNING: More than one shader node tex image used for a texture. The resulting glTF sampler will behave like the first shader node tex image.
04:54:31 | INFO: Primitives created: 1
04:54:31 | INFO: Extracting primitive: Mesh_62
04:54:31 | WARNING: More than one shader node tex image used for a texture. The resulting glTF sampler will behave like the first shader node tex image.
04:54:31 | INFO: Primitives created: 1
04:54:31 | INFO: Extracting primitive: Mesh_65
04:54:31 | WARNING: More than one shader node tex image used for a texture. The resulting glTF sampler will behave like the first shader node tex image.
04:54:31 | INFO: Primitives created: 1
04:54:31 | INFO: Extracting primitive: Mesh_68
04:54:31 | WARNING: More than one shader node tex image used for a texture. The resulting glTF sampler will behave like the first shader node tex image.
04:54:31 | INFO: Primitives created: 1
04:54:31 | INFO: Extracting primitive: Mesh_71
04:54:31 | WARNING: More than one shader node tex image used for a texture. The resulting glTF sampler will behave like the first shader node tex image.
04:54:31 | INFO: Primitives created: 1
04:54:31 | INFO: Extracting primitive: Mesh_131
04:54:31 | WARNING: More than one shader node tex image used for a texture. The resulting glTF sampler will behave like the first shader node tex image.
04:54:31 | INFO: Primitives created: 1
04:54:31 | INFO: Extracting primitive: Mesh_23
04:54:31 | WARNING: More than one shader node tex image used for a texture. The resulting glTF sampler will behave like the first shader node tex image.
04:54:31 | INFO: Primitives created: 1
04:54:31 | INFO: Extracting primitive: Mesh_24
04:54:31 | WARNING: More than one shader node tex image used for a texture. The resulting glTF sampler will behave like the first shader node tex image.
04:54:31 | INFO: Primitives created: 1
04:54:31 | INFO: Extracting primitive: Mesh_27
04:54:31 | WARNING: More than one shader node tex image used for a texture. The resulting glTF sampler will behave like the first shader node tex image.
04:54:31 | INFO: Primitives created: 1
04:54:31 | INFO: Extracting primitive: Mesh_30
04:54:31 | WARNING: More than one shader node tex image used for a texture. The resulting glTF sampler will behave like the first shader node tex image.
04:54:31 | INFO: Primitives created: 1
04:54:31 | INFO: Extracting primitive: Mesh_33
04:54:31 | WARNING: More than one shader node tex image used for a texture. The resulting glTF sampler will behave like the first shader node tex image.
04:54:31 | INFO: Primitives created: 1
04:54:31 | INFO: Extracting primitive: Mesh_36
04:54:31 | WARNING: More than one shader node tex image used for a texture. The resulting glTF sampler will behave like the first shader node tex image.
04:54:31 | INFO: Primitives created: 1
04:54:31 | INFO: Extracting primitive: Mesh_39
04:54:31 | WARNING: More than one shader node tex image used for a texture. The resulting glTF sampler will behave like the first shader node tex image.
04:54:31 | INFO: Primitives created: 1
04:54:31 | INFO: Extracting primitive: Mesh_22
04:54:31 | WARNING: More than one shader node tex image used for a texture. The resulting glTF sampler will behave like the first shader node tex image.
04:54:31 | INFO: Primitives created: 1
04:54:31 | INFO: Extracting primitive: Mesh_25
04:54:31 | WARNING: More than one shader node tex image used for a texture. The resulting glTF sampler will behave like the first shader node tex image.
04:54:31 | INFO: Primitives created: 1
04:54:31 | INFO: Extracting primitive: Mesh_28
04:54:31 | WARNING: More than one shader node tex image used for a texture. The resulting glTF sampler will behave like the first shader node tex image.
04:54:31 | INFO: Primitives created: 1
04:54:31 | INFO: Extracting primitive: Mesh_31
04:54:31 | WARNING: More than one shader node tex image used for a texture. The resulting glTF sampler will behave like the first shader node tex image.
04:54:31 | INFO: Primitives created: 1
04:54:31 | INFO: Extracting primitive: Mesh_34
04:54:31 | WARNING: More than one shader node tex image used for a texture. The resulting glTF sampler will behave like the first shader node tex image.
04:54:31 | INFO: Primitives created: 1
04:54:31 | INFO: Extracting primitive: Mesh_37
04:54:31 | WARNING: More than one shader node tex image used for a texture. The resulting glTF sampler will behave like the first shader node tex image.
04:54:31 | INFO: Primitives created: 1
04:54:31 | INFO: Extracting primitive: Mesh_26
04:54:31 | WARNING: More than one shader node tex image used for a texture. The resulting glTF sampler will behave like the first shader node tex image.
04:54:31 | INFO: Primitives created: 1
04:54:31 | INFO: Extracting primitive: Mesh_29
04:54:31 | WARNING: More than one shader node tex image used for a texture. The resulting glTF sampler will behave like the first shader node tex image.
04:54:31 | INFO: Primitives created: 1
04:54:31 | INFO: Extracting primitive: Mesh_32
04:54:31 | WARNING: More than one shader node tex image used for a texture. The resulting glTF sampler will behave like the first shader node tex image.
04:54:31 | INFO: Primitives created: 1
04:54:31 | INFO: Extracting primitive: Mesh_35
04:54:31 | WARNING: More than one shader node tex image used for a texture. The resulting glTF sampler will behave like the first shader node tex image.
04:54:31 | INFO: Primitives created: 1
04:54:31 | INFO: Extracting primitive: Mesh_38
04:54:31 | WARNING: More than one shader node tex image used for a texture. The resulting glTF sampler will behave like the first shader node tex image.
04:54:31 | INFO: Primitives created: 1
04:54:31 | INFO: Extracting primitive: Mesh_130
04:54:31 | WARNING: More than one shader node tex image used for a texture. The resulting glTF sampler will behave like the first shader node tex image.
04:54:31 | INFO: Primitives created: 1
04:54:31 | INFO: Extracting primitive: Mesh_101
04:54:31 | WARNING: More than one shader node tex image used for a texture. The resulting glTF sampler will behave like the first shader node tex image.
04:54:31 | INFO: Primitives created: 1
04:54:31 | INFO: Extracting primitive: Mesh_102
04:54:31 | WARNING: More than one shader node tex image used for a texture. The resulting glTF sampler will behave like the first shader node tex image.
04:54:31 | INFO: Primitives created: 1
04:54:31 | INFO: Extracting primitive: Mesh_105
04:54:31 | WARNING: More than one shader node tex image used for a texture. The resulting glTF sampler will behave like the first shader node tex image.
04:54:31 | INFO: Primitives created: 1
04:54:31 | INFO: Extracting primitive: Mesh_108
04:54:31 | WARNING: More than one shader node tex image used for a texture. The resulting glTF sampler will behave like the first shader node tex image.
04:54:31 | INFO: Primitives created: 1
04:54:31 | INFO: Extracting primitive: Mesh_111
04:54:31 | WARNING: More than one shader node tex image used for a texture. The resulting glTF sampler will behave like the first shader node tex image.
04:54:31 | INFO: Primitives created: 1
04:54:31 | INFO: Extracting primitive: Mesh_114
04:54:31 | WARNING: More than one shader node tex image used for a texture. The resulting glTF sampler will behave like the first shader node tex image.
04:54:31 | INFO: Primitives created: 1
04:54:31 | INFO: Extracting primitive: Mesh_117
04:54:31 | WARNING: More than one shader node tex image used for a texture. The resulting glTF sampler will behave like the first shader node tex image.
04:54:31 | INFO: Primitives created: 1
04:54:31 | INFO: Extracting primitive: Mesh_120
04:54:31 | WARNING: More than one shader node tex image used for a texture. The resulting glTF sampler will behave like the first shader node tex image.
04:54:31 | INFO: Primitives created: 1
04:54:31 | INFO: Extracting primitive: Mesh_123
04:54:31 | WARNING: More than one shader node tex image used for a texture. The resulting glTF sampler will behave like the first shader node tex image.
04:54:31 | INFO: Primitives created: 1
04:54:31 | INFO: Extracting primitive: Mesh_126
04:54:31 | WARNING: More than one shader node tex image used for a texture. The resulting glTF sampler will behave like the first shader node tex image.
04:54:31 | INFO: Primitives created: 1
04:54:31 | INFO: Extracting primitive: Mesh_100
04:54:31 | WARNING: More than one shader node tex image used for a texture. The resulting glTF sampler will behave like the first shader node tex image.
04:54:31 | INFO: Primitives created: 1
04:54:31 | INFO: Extracting primitive: Mesh_103
04:54:31 | WARNING: More than one shader node tex image used for a texture. The resulting glTF sampler will behave like the first shader node tex image.
04:54:31 | INFO: Primitives created: 1
04:54:31 | INFO: Extracting primitive: Mesh_106
04:54:31 | WARNING: More than one shader node tex image used for a texture. The resulting glTF sampler will behave like the first shader node tex image.
04:54:31 | INFO: Primitives created: 1
04:54:31 | INFO: Extracting primitive: Mesh_109
04:54:31 | WARNING: More than one shader node tex image used for a texture. The resulting glTF sampler will behave like the first shader node tex image.
04:54:31 | INFO: Primitives created: 1
04:54:31 | INFO: Extracting primitive: Mesh_112
04:54:31 | WARNING: More than one shader node tex image used for a texture. The resulting glTF sampler will behave like the first shader node tex image.
04:54:31 | INFO: Primitives created: 1
04:54:31 | INFO: Extracting primitive: Mesh_115
04:54:31 | WARNING: More than one shader node tex image used for a texture. The resulting glTF sampler will behave like the first shader node tex image.
04:54:31 | INFO: Primitives created: 1
04:54:31 | INFO: Extracting primitive: Mesh_118
04:54:31 | WARNING: More than one shader node tex image used for a texture. The resulting glTF sampler will behave like the first shader node tex image.
04:54:31 | INFO: Primitives created: 1
04:54:31 | INFO: Extracting primitive: Mesh_121
04:54:31 | WARNING: More than one shader node tex image used for a texture. The resulting glTF sampler will behave like the first shader node tex image.
04:54:31 | INFO: Primitives created: 1
04:54:31 | INFO: Extracting primitive: Mesh_124
04:54:31 | WARNING: More than one shader node tex image used for a texture. The resulting glTF sampler will behave like the first shader node tex image.
04:54:31 | INFO: Primitives created: 1
04:54:31 | INFO: Extracting primitive: Mesh_104
04:54:31 | WARNING: More than one shader node tex image used for a texture. The resulting glTF sampler will behave like the first shader node tex image.
04:54:31 | INFO: Primitives created: 1
04:54:31 | INFO: Extracting primitive: Mesh_107
04:54:31 | WARNING: More than one shader node tex image used for a texture. The resulting glTF sampler will behave like the first shader node tex image.
04:54:31 | INFO: Primitives created: 1
04:54:31 | INFO: Extracting primitive: Mesh_110
04:54:31 | WARNING: More than one shader node tex image used for a texture. The resulting glTF sampler will behave like the first shader node tex image.
04:54:31 | INFO: Primitives created: 1
04:54:31 | INFO: Extracting primitive: Mesh_113
04:54:31 | WARNING: More than one shader node tex image used for a texture. The resulting glTF sampler will behave like the first shader node tex image.
04:54:31 | INFO: Primitives created: 1
04:54:31 | INFO: Extracting primitive: Mesh_116
04:54:31 | WARNING: More than one shader node tex image used for a texture. The resulting glTF sampler will behave like the first shader node tex image.
04:54:31 | INFO: Primitives created: 1
04:54:31 | INFO: Extracting primitive: Mesh_119
04:54:31 | WARNING: More than one shader node tex image used for a texture. The resulting glTF sampler will behave like the first shader node tex image.
04:54:31 | INFO: Primitives created: 1
04:54:31 | INFO: Extracting primitive: Mesh_122
04:54:31 | WARNING: More than one shader node tex image used for a texture. The resulting glTF sampler will behave like the first shader node tex image.
04:54:31 | INFO: Primitives created: 1
04:54:31 | INFO: Extracting primitive: Mesh_125
04:54:31 | WARNING: More than one shader node tex image used for a texture. The resulting glTF sampler will behave like the first shader node tex image.
04:54:31 | INFO: Primitives created: 1
04:54:31 | INFO: Extracting primitive: Mesh_2
04:54:31 | WARNING: More than one shader node tex image used for a texture. The resulting glTF sampler will behave like the first shader node tex image.
04:54:31 | INFO: Primitives created: 1
04:54:31 | INFO: Extracting primitive: Mesh_138
04:54:31 | WARNING: More than one shader node tex image used for a texture. The resulting glTF sampler will behave like the first shader node tex image.
04:54:31 | INFO: Primitives created: 1
04:54:31 | INFO: Extracting primitive: Mesh_137
04:54:31 | WARNING: More than one shader node tex image used for a texture. The resulting glTF sampler will behave like the first shader node tex image.
04:54:31 | INFO: Primitives created: 1
04:54:31 | INFO: Extracting primitive: Mesh_136
04:54:31 | WARNING: More than one shader node tex image used for a texture. The resulting glTF sampler will behave like the first shader node tex image.
04:54:31 | INFO: Primitives created: 1
04:54:31 | INFO: Extracting primitive: Mesh_135
04:54:31 | WARNING: More than one shader node tex image used for a texture. The resulting glTF sampler will behave like the first shader node tex image.
04:54:31 | INFO: Primitives created: 1
04:54:31 | INFO: Extracting primitive: Mesh_0
04:54:31 | WARNING: More than one shader node tex image used for a texture. The resulting glTF sampler will behave like the first shader node tex image.
04:54:31 | INFO: Primitives created: 1
04:54:31 | INFO: Extracting primitive: Mesh_250
04:54:31 | WARNING: More than one shader node tex image used for a texture. The resulting glTF sampler will behave like the first shader node tex image.
04:54:31 | INFO: Primitives created: 1
04:54:31 | INFO: Extracting primitive: Mesh_251
04:54:31 | WARNING: More than one shader node tex image used for a texture. The resulting glTF sampler will behave like the first shader node tex image.
04:54:31 | INFO: Primitives created: 1
04:54:31 | INFO: Extracting primitive: Mesh_252
04:54:31 | WARNING: More than one shader node tex image used for a texture. The resulting glTF sampler will behave like the first shader node tex image.
04:54:31 | INFO: Primitives created: 1
04:54:31 | INFO: Extracting primitive: Mesh_253
04:54:31 | WARNING: More than one shader node tex image used for a texture. The resulting glTF sampler will behave like the first shader node tex image.
04:54:31 | INFO: Primitives created: 1
04:54:31 | INFO: Extracting primitive: Mesh_254
04:54:31 | WARNING: More than one shader node tex image used for a texture. The resulting glTF sampler will behave like the first shader node tex image.
04:54:31 | INFO: Primitives created: 1
04:54:31 | INFO: Extracting primitive: Mesh_255
04:54:31 | WARNING: More than one shader node tex image used for a texture. The resulting glTF sampler will behave like the first shader node tex image.
04:54:31 | INFO: Primitives created: 1
04:54:31 | INFO: Extracting primitive: Mesh_256
04:54:31 | WARNING: More than one shader node tex image used for a texture. The resulting glTF sampler will behave like the first shader node tex image.
04:54:31 | INFO: Primitives created: 1
04:54:31 | INFO: Extracting primitive: Mesh_257
04:54:31 | WARNING: More than one shader node tex image used for a texture. The resulting glTF sampler will behave like the first shader node tex image.
04:54:31 | INFO: Primitives created: 1
04:54:31 | INFO: Extracting primitive: Mesh_258
04:54:31 | WARNING: More than one shader node tex image used for a texture. The resulting glTF sampler will behave like the first shader node tex image.
04:54:31 | INFO: Primitives created: 1
04:54:31 | INFO: Extracting primitive: Mesh_259
04:54:31 | WARNING: More than one shader node tex image used for a texture. The resulting glTF sampler will behave like the first shader node tex image.
04:54:31 | INFO: Primitives created: 1
04:54:31 | INFO: Extracting primitive: Mesh_260
04:54:31 | WARNING: More than one shader node tex image used for a texture. The resulting glTF sampler will behave like the first shader node tex image.
04:54:31 | INFO: Primitives created: 1
04:54:31 | INFO: Extracting primitive: Mesh_239
04:54:31 | WARNING: More than one shader node tex image used for a texture. The resulting glTF sampler will behave like the first shader node tex image.
04:54:31 | INFO: Primitives created: 1
04:54:31 | INFO: Extracting primitive: Mesh_240
04:54:31 | WARNING: More than one shader node tex image used for a texture. The resulting glTF sampler will behave like the first shader node tex image.
04:54:31 | INFO: Primitives created: 1
04:54:31 | INFO: Extracting primitive: Mesh_241
04:54:31 | WARNING: More than one shader node tex image used for a texture. The resulting glTF sampler will behave like the first shader node tex image.
04:54:31 | INFO: Primitives created: 1
04:54:31 | INFO: Extracting primitive: Mesh_242
04:54:31 | WARNING: More than one shader node tex image used for a texture. The resulting glTF sampler will behave like the first shader node tex image.
04:54:31 | INFO: Primitives created: 1
04:54:31 | INFO: Extracting primitive: Mesh_243
04:54:31 | WARNING: More than one shader node tex image used for a texture. The resulting glTF sampler will behave like the first shader node tex image.
04:54:31 | INFO: Primitives created: 1
04:54:31 | INFO: Extracting primitive: Mesh_244
04:54:31 | WARNING: More than one shader node tex image used for a texture. The resulting glTF sampler will behave like the first shader node tex image.
04:54:31 | INFO: Primitives created: 1
04:54:31 | INFO: Extracting primitive: Mesh_245
04:54:31 | WARNING: More than one shader node tex image used for a texture. The resulting glTF sampler will behave like the first shader node tex image.
04:54:31 | INFO: Primitives created: 1
04:54:31 | INFO: Extracting primitive: Mesh_246
04:54:31 | WARNING: More than one shader node tex image used for a texture. The resulting glTF sampler will behave like the first shader node tex image.
04:54:31 | INFO: Primitives created: 1
04:54:31 | INFO: Extracting primitive: Mesh_247
04:54:31 | WARNING: More than one shader node tex image used for a texture. The resulting glTF sampler will behave like the first shader node tex image.
04:54:31 | INFO: Primitives created: 1
04:54:31 | INFO: Extracting primitive: Mesh_248
04:54:31 | WARNING: More than one shader node tex image used for a texture. The resulting glTF sampler will behave like the first shader node tex image.
04:54:31 | INFO: Primitives created: 1
04:54:31 | INFO: Extracting primitive: Mesh_249
04:54:31 | WARNING: More than one shader node tex image used for a texture. The resulting glTF sampler will behave like the first shader node tex image.
04:54:31 | INFO: Primitives created: 1
04:54:31 | INFO: Extracting primitive: Mesh_238
04:54:31 | WARNING: More than one shader node tex image used for a texture. The resulting glTF sampler will behave like the first shader node tex image.
04:54:31 | INFO: Primitives created: 1
04:54:31 | INFO: Extracting primitive: Mesh_262
04:54:31 | WARNING: More than one shader node tex image used for a texture. The resulting glTF sampler will behave like the first shader node tex image.
04:54:31 | INFO: Primitives created: 1
04:54:31 | INFO: Extracting primitive: Mesh_261
04:54:31 | WARNING: More than one shader node tex image used for a texture. The resulting glTF sampler will behave like the first shader node tex image.
04:54:31 | INFO: Primitives created: 1
04:54:31 | INFO: Extracting primitive: Mesh_275
04:54:31 | WARNING: More than one shader node tex image used for a texture. The resulting glTF sampler will behave like the first shader node tex image.
04:54:31 | INFO: Primitives created: 1
04:54:31 | INFO: Extracting primitive: Mesh_276
04:54:31 | WARNING: More than one shader node tex image used for a texture. The resulting glTF sampler will behave like the first shader node tex image.
04:54:31 | INFO: Primitives created: 1
04:54:31 | INFO: Extracting primitive: Mesh_277
04:54:31 | WARNING: More than one shader node tex image used for a texture. The resulting glTF sampler will behave like the first shader node tex image.
04:54:31 | INFO: Primitives created: 1
04:54:31 | INFO: Extracting primitive: Mesh_278
04:54:31 | WARNING: More than one shader node tex image used for a texture. The resulting glTF sampler will behave like the first shader node tex image.
04:54:31 | INFO: Primitives created: 1
04:54:31 | INFO: Extracting primitive: Mesh_279
04:54:31 | WARNING: More than one shader node tex image used for a texture. The resulting glTF sampler will behave like the first shader node tex image.
04:54:31 | INFO: Primitives created: 1
04:54:31 | INFO: Extracting primitive: Mesh_280
04:54:31 | WARNING: More than one shader node tex image used for a texture. The resulting glTF sampler will behave like the first shader node tex image.
04:54:31 | INFO: Primitives created: 1
04:54:31 | INFO: Extracting primitive: Mesh_281
04:54:31 | WARNING: More than one shader node tex image used for a texture. The resulting glTF sampler will behave like the first shader node tex image.
04:54:31 | INFO: Primitives created: 1
04:54:31 | INFO: Extracting primitive: Mesh_282
04:54:31 | WARNING: More than one shader node tex image used for a texture. The resulting glTF sampler will behave like the first shader node tex image.
04:54:31 | INFO: Primitives created: 1
04:54:31 | INFO: Extracting primitive: Mesh_283
04:54:31 | WARNING: More than one shader node tex image used for a texture. The resulting glTF sampler will behave like the first shader node tex image.
04:54:31 | INFO: Primitives created: 1
04:54:31 | INFO: Extracting primitive: Mesh_284
04:54:31 | WARNING: More than one shader node tex image used for a texture. The resulting glTF sampler will behave like the first shader node tex image.
04:54:31 | INFO: Primitives created: 1
04:54:31 | INFO: Extracting primitive: Mesh_285
04:54:31 | WARNING: More than one shader node tex image used for a texture. The resulting glTF sampler will behave like the first shader node tex image.
04:54:31 | INFO: Primitives created: 1
04:54:31 | INFO: Extracting primitive: Mesh_264
04:54:31 | WARNING: More than one shader node tex image used for a texture. The resulting glTF sampler will behave like the first shader node tex image.
04:54:31 | INFO: Primitives created: 1
04:54:31 | INFO: Extracting primitive: Mesh_265
04:54:31 | WARNING: More than one shader node tex image used for a texture. The resulting glTF sampler will behave like the first shader node tex image.
04:54:31 | INFO: Primitives created: 1
04:54:31 | INFO: Extracting primitive: Mesh_266
04:54:31 | WARNING: More than one shader node tex image used for a texture. The resulting glTF sampler will behave like the first shader node tex image.
04:54:31 | INFO: Primitives created: 1
04:54:31 | INFO: Extracting primitive: Mesh_267
04:54:31 | WARNING: More than one shader node tex image used for a texture. The resulting glTF sampler will behave like the first shader node tex image.
04:54:31 | INFO: Primitives created: 1
04:54:31 | INFO: Extracting primitive: Mesh_268
04:54:31 | WARNING: More than one shader node tex image used for a texture. The resulting glTF sampler will behave like the first shader node tex image.
04:54:31 | INFO: Primitives created: 1
04:54:31 | INFO: Extracting primitive: Mesh_269
04:54:31 | WARNING: More than one shader node tex image used for a texture. The resulting glTF sampler will behave like the first shader node tex image.
04:54:31 | INFO: Primitives created: 1
04:54:31 | INFO: Extracting primitive: Mesh_270
04:54:31 | WARNING: More than one shader node tex image used for a texture. The resulting glTF sampler will behave like the first shader node tex image.
04:54:31 | INFO: Primitives created: 1
04:54:31 | INFO: Extracting primitive: Mesh_271
04:54:31 | WARNING: More than one shader node tex image used for a texture. The resulting glTF sampler will behave like the first shader node tex image.
04:54:31 | INFO: Primitives created: 1
04:54:31 | INFO: Extracting primitive: Mesh_272
04:54:31 | WARNING: More than one shader node tex image used for a texture. The resulting glTF sampler will behave like the first shader node tex image.
04:54:31 | INFO: Primitives created: 1
04:54:31 | INFO: Extracting primitive: Mesh_273
04:54:31 | WARNING: More than one shader node tex image used for a texture. The resulting glTF sampler will behave like the first shader node tex image.
04:54:31 | INFO: Primitives created: 1
04:54:31 | INFO: Extracting primitive: Mesh_274
04:54:31 | WARNING: More than one shader node tex image used for a texture. The resulting glTF sampler will behave like the first shader node tex image.
04:54:31 | INFO: Primitives created: 1
04:54:31 | INFO: Extracting primitive: Mesh_263
04:54:31 | WARNING: More than one shader node tex image used for a texture. The resulting glTF sampler will behave like the first shader node tex image.
04:54:31 | INFO: Primitives created: 1
04:54:31 | INFO: Extracting primitive: Mesh_287
04:54:31 | WARNING: More than one shader node tex image used for a texture. The resulting glTF sampler will behave like the first shader node tex image.
04:54:32 | INFO: Primitives created: 1
04:54:32 | INFO: Extracting primitive: Mesh_286
04:54:32 | WARNING: More than one shader node tex image used for a texture. The resulting glTF sampler will behave like the first shader node tex image.
04:54:32 | INFO: Primitives created: 1
04:54:32 | INFO: Extracting primitive: Mesh_300
04:54:32 | WARNING: More than one shader node tex image used for a texture. The resulting glTF sampler will behave like the first shader node tex image.
04:54:32 | INFO: Primitives created: 1
04:54:32 | INFO: Extracting primitive: Mesh_301
04:54:32 | WARNING: More than one shader node tex image used for a texture. The resulting glTF sampler will behave like the first shader node tex image.
04:54:32 | INFO: Primitives created: 1
04:54:32 | INFO: Extracting primitive: Mesh_302
04:54:32 | WARNING: More than one shader node tex image used for a texture. The resulting glTF sampler will behave like the first shader node tex image.
04:54:32 | INFO: Primitives created: 1
04:54:32 | INFO: Extracting primitive: Mesh_303
04:54:32 | WARNING: More than one shader node tex image used for a texture. The resulting glTF sampler will behave like the first shader node tex image.
04:54:32 | INFO: Primitives created: 1
04:54:32 | INFO: Extracting primitive: Mesh_304
04:54:32 | WARNING: More than one shader node tex image used for a texture. The resulting glTF sampler will behave like the first shader node tex image.
04:54:32 | INFO: Primitives created: 1
04:54:32 | INFO: Extracting primitive: Mesh_305
04:54:32 | WARNING: More than one shader node tex image used for a texture. The resulting glTF sampler will behave like the first shader node tex image.
04:54:32 | INFO: Primitives created: 1
04:54:32 | INFO: Extracting primitive: Mesh_306
04:54:32 | WARNING: More than one shader node tex image used for a texture. The resulting glTF sampler will behave like the first shader node tex image.
04:54:32 | INFO: Primitives created: 1
04:54:32 | INFO: Extracting primitive: Mesh_307
04:54:32 | WARNING: More than one shader node tex image used for a texture. The resulting glTF sampler will behave like the first shader node tex image.
04:54:32 | INFO: Primitives created: 1
04:54:32 | INFO: Extracting primitive: Mesh_308
04:54:32 | WARNING: More than one shader node tex image used for a texture. The resulting glTF sampler will behave like the first shader node tex image.
04:54:32 | INFO: Primitives created: 1
04:54:32 | INFO: Extracting primitive: Mesh_309
04:54:32 | WARNING: More than one shader node tex image used for a texture. The resulting glTF sampler will behave like the first shader node tex image.
04:54:32 | INFO: Primitives created: 1
04:54:32 | INFO: Extracting primitive: Mesh_310
04:54:32 | WARNING: More than one shader node tex image used for a texture. The resulting glTF sampler will behave like the first shader node tex image.
04:54:32 | INFO: Primitives created: 1
04:54:32 | INFO: Extracting primitive: Mesh_289
04:54:32 | WARNING: More than one shader node tex image used for a texture. The resulting glTF sampler will behave like the first shader node tex image.
04:54:32 | INFO: Primitives created: 1
04:54:32 | INFO: Extracting primitive: Mesh_290
04:54:32 | WARNING: More than one shader node tex image used for a texture. The resulting glTF sampler will behave like the first shader node tex image.
04:54:32 | INFO: Primitives created: 1
04:54:32 | INFO: Extracting primitive: Mesh_291
04:54:32 | WARNING: More than one shader node tex image used for a texture. The resulting glTF sampler will behave like the first shader node tex image.
04:54:32 | INFO: Primitives created: 1
04:54:32 | INFO: Extracting primitive: Mesh_292
04:54:32 | WARNING: More than one shader node tex image used for a texture. The resulting glTF sampler will behave like the first shader node tex image.
04:54:32 | INFO: Primitives created: 1
04:54:32 | INFO: Extracting primitive: Mesh_293
04:54:32 | WARNING: More than one shader node tex image used for a texture. The resulting glTF sampler will behave like the first shader node tex image.
04:54:32 | INFO: Primitives created: 1
04:54:32 | INFO: Extracting primitive: Mesh_294
04:54:32 | WARNING: More than one shader node tex image used for a texture. The resulting glTF sampler will behave like the first shader node tex image.
04:54:32 | INFO: Primitives created: 1
04:54:32 | INFO: Extracting primitive: Mesh_295
04:54:32 | WARNING: More than one shader node tex image used for a texture. The resulting glTF sampler will behave like the first shader node tex image.
04:54:32 | INFO: Primitives created: 1
04:54:32 | INFO: Extracting primitive: Mesh_296
04:54:32 | WARNING: More than one shader node tex image used for a texture. The resulting glTF sampler will behave like the first shader node tex image.
04:54:32 | INFO: Primitives created: 1
04:54:32 | INFO: Extracting primitive: Mesh_297
04:54:32 | WARNING: More than one shader node tex image used for a texture. The resulting glTF sampler will behave like the first shader node tex image.
04:54:32 | INFO: Primitives created: 1
04:54:32 | INFO: Extracting primitive: Mesh_298
04:54:32 | WARNING: More than one shader node tex image used for a texture. The resulting glTF sampler will behave like the first shader node tex image.
04:54:32 | INFO: Primitives created: 1
04:54:32 | INFO: Extracting primitive: Mesh_299
04:54:32 | WARNING: More than one shader node tex image used for a texture. The resulting glTF sampler will behave like the first shader node tex image.
04:54:32 | INFO: Primitives created: 1
04:54:32 | INFO: Extracting primitive: Mesh_288
04:54:32 | WARNING: More than one shader node tex image used for a texture. The resulting glTF sampler will behave like the first shader node tex image.
04:54:32 | INFO: Primitives created: 1
04:54:32 | INFO: Extracting primitive: Mesh_312
04:54:32 | WARNING: More than one shader node tex image used for a texture. The resulting glTF sampler will behave like the first shader node tex image.
04:54:32 | INFO: Primitives created: 1
04:54:32 | INFO: Extracting primitive: Mesh_311
04:54:32 | WARNING: More than one shader node tex image used for a texture. The resulting glTF sampler will behave like the first shader node tex image.
04:54:32 | INFO: Primitives created: 1
04:54:32 | INFO: Extracting primitive: Mesh_142
04:54:32 | WARNING: More than one shader node tex image used for a texture. The resulting glTF sampler will behave like the first shader node tex image.
04:54:32 | INFO: Primitives created: 1
04:54:32 | INFO: Extracting primitive: Mesh_140
04:54:32 | WARNING: More than one shader node tex image used for a texture. The resulting glTF sampler will behave like the first shader node tex image.
04:54:32 | INFO: Primitives created: 1
04:54:32 | INFO: Extracting primitive: Mesh_148
04:54:32 | WARNING: More than one shader node tex image used for a texture. The resulting glTF sampler will behave like the first shader node tex image.
04:54:32 | INFO: Primitives created: 1
04:54:32 | INFO: Extracting primitive: Mesh_149
04:54:32 | WARNING: More than one shader node tex image used for a texture. The resulting glTF sampler will behave like the first shader node tex image.
04:54:32 | INFO: Primitives created: 1
04:54:32 | INFO: Extracting primitive: Mesh_147
04:54:32 | WARNING: More than one shader node tex image used for a texture. The resulting glTF sampler will behave like the first shader node tex image.
04:54:32 | INFO: Primitives created: 1
04:54:32 | INFO: Extracting primitive: Mesh_141
04:54:32 | WARNING: More than one shader node tex image used for a texture. The resulting glTF sampler will behave like the first shader node tex image.
04:54:32 | INFO: Primitives created: 1
04:54:32 | INFO: Extracting primitive: Mesh_146
04:54:32 | WARNING: More than one shader node tex image used for a texture. The resulting glTF sampler will behave like the first shader node tex image.
04:54:32 | INFO: Primitives created: 1
04:54:32 | INFO: Extracting primitive: Mesh_139
04:54:32 | WARNING: More than one shader node tex image used for a texture. The resulting glTF sampler will behave like the first shader node tex image.
04:54:32 | INFO: Primitives created: 1
04:54:32 | INFO: Extracting primitive: Mesh_143
04:54:32 | WARNING: More than one shader node tex image used for a texture. The resulting glTF sampler will behave like the first shader node tex image.
04:54:32 | INFO: Primitives created: 1
04:54:32 | INFO: Extracting primitive: Mesh_145
04:54:32 | WARNING: More than one shader node tex image used for a texture. The resulting glTF sampler will behave like the first shader node tex image.
04:54:32 | INFO: Primitives created: 1
04:54:32 | INFO: Extracting primitive: Mesh_144
04:54:32 | WARNING: More than one shader node tex image used for a texture. The resulting glTF sampler will behave like the first shader node tex image.
04:54:32 | INFO: Primitives created: 1
04:54:32 | INFO: Extracting primitive: Mesh_153
04:54:32 | WARNING: More than one shader node tex image used for a texture. The resulting glTF sampler will behave like the first shader node tex image.
04:54:32 | INFO: Primitives created: 1
04:54:32 | INFO: Extracting primitive: Mesh_151
04:54:32 | WARNING: More than one shader node tex image used for a texture. The resulting glTF sampler will behave like the first shader node tex image.
04:54:32 | INFO: Primitives created: 1
04:54:32 | INFO: Extracting primitive: Mesh_159
04:54:32 | WARNING: More than one shader node tex image used for a texture. The resulting glTF sampler will behave like the first shader node tex image.
04:54:32 | INFO: Primitives created: 1
04:54:32 | INFO: Extracting primitive: Mesh_160
04:54:32 | WARNING: More than one shader node tex image used for a texture. The resulting glTF sampler will behave like the first shader node tex image.
04:54:32 | INFO: Primitives created: 1
04:54:32 | INFO: Extracting primitive: Mesh_158
04:54:32 | WARNING: More than one shader node tex image used for a texture. The resulting glTF sampler will behave like the first shader node tex image.
04:54:32 | INFO: Primitives created: 1
04:54:32 | INFO: Extracting primitive: Mesh_152
04:54:32 | WARNING: More than one shader node tex image used for a texture. The resulting glTF sampler will behave like the first shader node tex image.
04:54:32 | INFO: Primitives created: 1
04:54:32 | INFO: Extracting primitive: Mesh_157
04:54:32 | WARNING: More than one shader node tex image used for a texture. The resulting glTF sampler will behave like the first shader node tex image.
04:54:32 | INFO: Primitives created: 1
04:54:32 | INFO: Extracting primitive: Mesh_150
04:54:32 | WARNING: More than one shader node tex image used for a texture. The resulting glTF sampler will behave like the first shader node tex image.
04:54:32 | INFO: Primitives created: 1
04:54:32 | INFO: Extracting primitive: Mesh_154
04:54:32 | WARNING: More than one shader node tex image used for a texture. The resulting glTF sampler will behave like the first shader node tex image.
04:54:32 | INFO: Primitives created: 1
04:54:32 | INFO: Extracting primitive: Mesh_156
04:54:32 | WARNING: More than one shader node tex image used for a texture. The resulting glTF sampler will behave like the first shader node tex image.
04:54:32 | INFO: Primitives created: 1
04:54:32 | INFO: Extracting primitive: Mesh_155
04:54:32 | WARNING: More than one shader node tex image used for a texture. The resulting glTF sampler will behave like the first shader node tex image.
04:54:32 | INFO: Primitives created: 1
04:54:32 | INFO: Extracting primitive: Mesh_164
04:54:32 | WARNING: More than one shader node tex image used for a texture. The resulting glTF sampler will behave like the first shader node tex image.
04:54:32 | INFO: Primitives created: 1
04:54:32 | INFO: Extracting primitive: Mesh_162
04:54:32 | WARNING: More than one shader node tex image used for a texture. The resulting glTF sampler will behave like the first shader node tex image.
04:54:32 | INFO: Primitives created: 1
04:54:32 | INFO: Extracting primitive: Mesh_170
04:54:32 | WARNING: More than one shader node tex image used for a texture. The resulting glTF sampler will behave like the first shader node tex image.
04:54:32 | INFO: Primitives created: 1
04:54:32 | INFO: Extracting primitive: Mesh_171
04:54:32 | WARNING: More than one shader node tex image used for a texture. The resulting glTF sampler will behave like the first shader node tex image.
04:54:32 | INFO: Primitives created: 1
04:54:32 | INFO: Extracting primitive: Mesh_169
04:54:32 | WARNING: More than one shader node tex image used for a texture. The resulting glTF sampler will behave like the first shader node tex image.
04:54:32 | INFO: Primitives created: 1
04:54:32 | INFO: Extracting primitive: Mesh_163
04:54:32 | WARNING: More than one shader node tex image used for a texture. The resulting glTF sampler will behave like the first shader node tex image.
04:54:32 | INFO: Primitives created: 1
04:54:32 | INFO: Extracting primitive: Mesh_168
04:54:32 | WARNING: More than one shader node tex image used for a texture. The resulting glTF sampler will behave like the first shader node tex image.
04:54:32 | INFO: Primitives created: 1
04:54:32 | INFO: Extracting primitive: Mesh_161
04:54:32 | WARNING: More than one shader node tex image used for a texture. The resulting glTF sampler will behave like the first shader node tex image.
04:54:32 | INFO: Primitives created: 1
04:54:32 | INFO: Extracting primitive: Mesh_165
04:54:32 | WARNING: More than one shader node tex image used for a texture. The resulting glTF sampler will behave like the first shader node tex image.
04:54:32 | INFO: Primitives created: 1
04:54:32 | INFO: Extracting primitive: Mesh_167
04:54:32 | WARNING: More than one shader node tex image used for a texture. The resulting glTF sampler will behave like the first shader node tex image.
04:54:32 | INFO: Primitives created: 1
04:54:32 | INFO: Extracting primitive: Mesh_166
04:54:32 | WARNING: More than one shader node tex image used for a texture. The resulting glTF sampler will behave like the first shader node tex image.
04:54:32 | INFO: Primitives created: 1
04:54:32 | INFO: Extracting primitive: Mesh_175
04:54:32 | WARNING: More than one shader node tex image used for a texture. The resulting glTF sampler will behave like the first shader node tex image.
04:54:32 | INFO: Primitives created: 1
04:54:32 | INFO: Extracting primitive: Mesh_173
04:54:32 | WARNING: More than one shader node tex image used for a texture. The resulting glTF sampler will behave like the first shader node tex image.
04:54:32 | INFO: Primitives created: 1
04:54:32 | INFO: Extracting primitive: Mesh_181
04:54:32 | WARNING: More than one shader node tex image used for a texture. The resulting glTF sampler will behave like the first shader node tex image.
04:54:32 | INFO: Primitives created: 1
04:54:32 | INFO: Extracting primitive: Mesh_182
04:54:32 | WARNING: More than one shader node tex image used for a texture. The resulting glTF sampler will behave like the first shader node tex image.
04:54:32 | INFO: Primitives created: 1
04:54:32 | INFO: Extracting primitive: Mesh_180
04:54:32 | WARNING: More than one shader node tex image used for a texture. The resulting glTF sampler will behave like the first shader node tex image.
04:54:32 | INFO: Primitives created: 1
04:54:32 | INFO: Extracting primitive: Mesh_174
04:54:32 | WARNING: More than one shader node tex image used for a texture. The resulting glTF sampler will behave like the first shader node tex image.
04:54:32 | INFO: Primitives created: 1
04:54:32 | INFO: Extracting primitive: Mesh_179
04:54:32 | WARNING: More than one shader node tex image used for a texture. The resulting glTF sampler will behave like the first shader node tex image.
04:54:32 | INFO: Primitives created: 1
04:54:32 | INFO: Extracting primitive: Mesh_172
04:54:32 | WARNING: More than one shader node tex image used for a texture. The resulting glTF sampler will behave like the first shader node tex image.
04:54:32 | INFO: Primitives created: 1
04:54:32 | INFO: Extracting primitive: Mesh_176
04:54:32 | WARNING: More than one shader node tex image used for a texture. The resulting glTF sampler will behave like the first shader node tex image.
04:54:32 | INFO: Primitives created: 1
04:54:32 | INFO: Extracting primitive: Mesh_178
04:54:32 | WARNING: More than one shader node tex image used for a texture. The resulting glTF sampler will behave like the first shader node tex image.
04:54:32 | INFO: Primitives created: 1
04:54:32 | INFO: Extracting primitive: Mesh_177
04:54:32 | WARNING: More than one shader node tex image used for a texture. The resulting glTF sampler will behave like the first shader node tex image.
04:54:32 | INFO: Primitives created: 1
04:54:32 | INFO: Extracting primitive: Mesh_208
04:54:32 | WARNING: More than one shader node tex image used for a texture. The resulting glTF sampler will behave like the first shader node tex image.
04:54:32 | INFO: Primitives created: 1
04:54:32 | INFO: Extracting primitive: Mesh_206
04:54:32 | WARNING: More than one shader node tex image used for a texture. The resulting glTF sampler will behave like the first shader node tex image.
04:54:32 | INFO: Primitives created: 1
04:54:32 | INFO: Extracting primitive: Mesh_214
04:54:32 | WARNING: More than one shader node tex image used for a texture. The resulting glTF sampler will behave like the first shader node tex image.
04:54:32 | INFO: Primitives created: 1
04:54:32 | INFO: Extracting primitive: Mesh_215
04:54:32 | WARNING: More than one shader node tex image used for a texture. The resulting glTF sampler will behave like the first shader node tex image.
04:54:32 | INFO: Primitives created: 1
04:54:32 | INFO: Extracting primitive: Mesh_213
04:54:32 | WARNING: More than one shader node tex image used for a texture. The resulting glTF sampler will behave like the first shader node tex image.
04:54:32 | INFO: Primitives created: 1
04:54:32 | INFO: Extracting primitive: Mesh_207
04:54:32 | WARNING: More than one shader node tex image used for a texture. The resulting glTF sampler will behave like the first shader node tex image.
04:54:32 | INFO: Primitives created: 1
04:54:32 | INFO: Extracting primitive: Mesh_212
04:54:32 | WARNING: More than one shader node tex image used for a texture. The resulting glTF sampler will behave like the first shader node tex image.
04:54:32 | INFO: Primitives created: 1
04:54:32 | INFO: Extracting primitive: Mesh_205
04:54:32 | WARNING: More than one shader node tex image used for a texture. The resulting glTF sampler will behave like the first shader node tex image.
04:54:32 | INFO: Primitives created: 1
04:54:32 | INFO: Extracting primitive: Mesh_209
04:54:32 | WARNING: More than one shader node tex image used for a texture. The resulting glTF sampler will behave like the first shader node tex image.
04:54:32 | INFO: Primitives created: 1
04:54:32 | INFO: Extracting primitive: Mesh_211
04:54:32 | WARNING: More than one shader node tex image used for a texture. The resulting glTF sampler will behave like the first shader node tex image.
04:54:32 | INFO: Primitives created: 1
04:54:32 | INFO: Extracting primitive: Mesh_210
04:54:32 | WARNING: More than one shader node tex image used for a texture. The resulting glTF sampler will behave like the first shader node tex image.
04:54:32 | INFO: Primitives created: 1
04:54:32 | INFO: Extracting primitive: Mesh_186
04:54:32 | WARNING: More than one shader node tex image used for a texture. The resulting glTF sampler will behave like the first shader node tex image.
04:54:32 | INFO: Primitives created: 1
04:54:32 | INFO: Extracting primitive: Mesh_184
04:54:32 | WARNING: More than one shader node tex image used for a texture. The resulting glTF sampler will behave like the first shader node tex image.
04:54:32 | INFO: Primitives created: 1
04:54:32 | INFO: Extracting primitive: Mesh_192
04:54:32 | WARNING: More than one shader node tex image used for a texture. The resulting glTF sampler will behave like the first shader node tex image.
04:54:32 | INFO: Primitives created: 1
04:54:32 | INFO: Extracting primitive: Mesh_193
04:54:32 | WARNING: More than one shader node tex image used for a texture. The resulting glTF sampler will behave like the first shader node tex image.
04:54:32 | INFO: Primitives created: 1
04:54:32 | INFO: Extracting primitive: Mesh_191
04:54:32 | WARNING: More than one shader node tex image used for a texture. The resulting glTF sampler will behave like the first shader node tex image.
04:54:32 | INFO: Primitives created: 1
04:54:32 | INFO: Extracting primitive: Mesh_185
04:54:32 | WARNING: More than one shader node tex image used for a texture. The resulting glTF sampler will behave like the first shader node tex image.
04:54:32 | INFO: Primitives created: 1
04:54:32 | INFO: Extracting primitive: Mesh_190
04:54:32 | WARNING: More than one shader node tex image used for a texture. The resulting glTF sampler will behave like the first shader node tex image.
04:54:32 | INFO: Primitives created: 1
04:54:32 | INFO: Extracting primitive: Mesh_183
04:54:32 | WARNING: More than one shader node tex image used for a texture. The resulting glTF sampler will behave like the first shader node tex image.
04:54:32 | INFO: Primitives created: 1
04:54:32 | INFO: Extracting primitive: Mesh_187
04:54:32 | WARNING: More than one shader node tex image used for a texture. The resulting glTF sampler will behave like the first shader node tex image.
04:54:32 | INFO: Primitives created: 1
04:54:32 | INFO: Extracting primitive: Mesh_189
04:54:32 | WARNING: More than one shader node tex image used for a texture. The resulting glTF sampler will behave like the first shader node tex image.
04:54:32 | INFO: Primitives created: 1
04:54:32 | INFO: Extracting primitive: Mesh_188
04:54:32 | WARNING: More than one shader node tex image used for a texture. The resulting glTF sampler will behave like the first shader node tex image.
04:54:32 | INFO: Primitives created: 1
04:54:32 | INFO: Extracting primitive: Mesh_197
04:54:32 | WARNING: More than one shader node tex image used for a texture. The resulting glTF sampler will behave like the first shader node tex image.
04:54:32 | INFO: Primitives created: 1
04:54:32 | INFO: Extracting primitive: Mesh_195
04:54:32 | WARNING: More than one shader node tex image used for a texture. The resulting glTF sampler will behave like the first shader node tex image.
04:54:32 | INFO: Primitives created: 1
04:54:32 | INFO: Extracting primitive: Mesh_203
04:54:32 | WARNING: More than one shader node tex image used for a texture. The resulting glTF sampler will behave like the first shader node tex image.
04:54:32 | INFO: Primitives created: 1
04:54:32 | INFO: Extracting primitive: Mesh_204
04:54:32 | WARNING: More than one shader node tex image used for a texture. The resulting glTF sampler will behave like the first shader node tex image.
04:54:32 | INFO: Primitives created: 1
04:54:32 | INFO: Extracting primitive: Mesh_202
04:54:32 | WARNING: More than one shader node tex image used for a texture. The resulting glTF sampler will behave like the first shader node tex image.
04:54:32 | INFO: Primitives created: 1
04:54:32 | INFO: Extracting primitive: Mesh_196
04:54:32 | WARNING: More than one shader node tex image used for a texture. The resulting glTF sampler will behave like the first shader node tex image.
04:54:32 | INFO: Primitives created: 1
04:54:32 | INFO: Extracting primitive: Mesh_201
04:54:32 | WARNING: More than one shader node tex image used for a texture. The resulting glTF sampler will behave like the first shader node tex image.
04:54:32 | INFO: Primitives created: 1
04:54:32 | INFO: Extracting primitive: Mesh_194
04:54:32 | WARNING: More than one shader node tex image used for a texture. The resulting glTF sampler will behave like the first shader node tex image.
04:54:32 | INFO: Primitives created: 1
04:54:32 | INFO: Extracting primitive: Mesh_198
04:54:32 | WARNING: More than one shader node tex image used for a texture. The resulting glTF sampler will behave like the first shader node tex image.
04:54:32 | INFO: Primitives created: 1
04:54:32 | INFO: Extracting primitive: Mesh_200
04:54:32 | WARNING: More than one shader node tex image used for a texture. The resulting glTF sampler will behave like the first shader node tex image.
04:54:32 | INFO: Primitives created: 1
04:54:32 | INFO: Extracting primitive: Mesh_199
04:54:32 | WARNING: More than one shader node tex image used for a texture. The resulting glTF sampler will behave like the first shader node tex image.
04:54:32 | INFO: Primitives created: 1
04:54:32 | INFO: Extracting primitive: Mesh_219
04:54:32 | WARNING: More than one shader node tex image used for a texture. The resulting glTF sampler will behave like the first shader node tex image.
04:54:32 | INFO: Primitives created: 1
04:54:32 | INFO: Extracting primitive: Mesh_217
04:54:32 | WARNING: More than one shader node tex image used for a texture. The resulting glTF sampler will behave like the first shader node tex image.
04:54:32 | INFO: Primitives created: 1
04:54:32 | INFO: Extracting primitive: Mesh_225
04:54:32 | WARNING: More than one shader node tex image used for a texture. The resulting glTF sampler will behave like the first shader node tex image.
04:54:32 | INFO: Primitives created: 1
04:54:32 | INFO: Extracting primitive: Mesh_226
04:54:32 | WARNING: More than one shader node tex image used for a texture. The resulting glTF sampler will behave like the first shader node tex image.
04:54:32 | INFO: Primitives created: 1
04:54:32 | INFO: Extracting primitive: Mesh_224
04:54:32 | WARNING: More than one shader node tex image used for a texture. The resulting glTF sampler will behave like the first shader node tex image.
04:54:32 | INFO: Primitives created: 1
04:54:32 | INFO: Extracting primitive: Mesh_218
04:54:32 | WARNING: More than one shader node tex image used for a texture. The resulting glTF sampler will behave like the first shader node tex image.
04:54:32 | INFO: Primitives created: 1
04:54:32 | INFO: Extracting primitive: Mesh_223
04:54:32 | WARNING: More than one shader node tex image used for a texture. The resulting glTF sampler will behave like the first shader node tex image.
04:54:32 | INFO: Primitives created: 1
04:54:32 | INFO: Extracting primitive: Mesh_216
04:54:32 | WARNING: More than one shader node tex image used for a texture. The resulting glTF sampler will behave like the first shader node tex image.
04:54:32 | INFO: Primitives created: 1
04:54:32 | INFO: Extracting primitive: Mesh_220
04:54:32 | WARNING: More than one shader node tex image used for a texture. The resulting glTF sampler will behave like the first shader node tex image.
04:54:32 | INFO: Primitives created: 1
04:54:32 | INFO: Extracting primitive: Mesh_222
04:54:32 | WARNING: More than one shader node tex image used for a texture. The resulting glTF sampler will behave like the first shader node tex image.
04:54:32 | INFO: Primitives created: 1
04:54:32 | INFO: Extracting primitive: Mesh_221
04:54:32 | WARNING: More than one shader node tex image used for a texture. The resulting glTF sampler will behave like the first shader node tex image.
04:54:32 | INFO: Primitives created: 1
04:54:32 | INFO: Extracting primitive: Mesh_230
04:54:32 | WARNING: More than one shader node tex image used for a texture. The resulting glTF sampler will behave like the first shader node tex image.
04:54:32 | INFO: Primitives created: 1
04:54:32 | INFO: Extracting primitive: Mesh_228
04:54:32 | WARNING: More than one shader node tex image used for a texture. The resulting glTF sampler will behave like the first shader node tex image.
04:54:32 | INFO: Primitives created: 1
04:54:32 | INFO: Extracting primitive: Mesh_236
04:54:32 | WARNING: More than one shader node tex image used for a texture. The resulting glTF sampler will behave like the first shader node tex image.
04:54:32 | INFO: Primitives created: 1
04:54:32 | INFO: Extracting primitive: Mesh_237
04:54:32 | WARNING: More than one shader node tex image used for a texture. The resulting glTF sampler will behave like the first shader node tex image.
04:54:32 | INFO: Primitives created: 1
04:54:32 | INFO: Extracting primitive: Mesh_235
04:54:32 | WARNING: More than one shader node tex image used for a texture. The resulting glTF sampler will behave like the first shader node tex image.
04:54:32 | INFO: Primitives created: 1
04:54:32 | INFO: Extracting primitive: Mesh_229
04:54:32 | WARNING: More than one shader node tex image used for a texture. The resulting glTF sampler will behave like the first shader node tex image.
04:54:32 | INFO: Primitives created: 1
04:54:32 | INFO: Extracting primitive: Mesh_234
04:54:32 | WARNING: More than one shader node tex image used for a texture. The resulting glTF sampler will behave like the first shader node tex image.
04:54:32 | INFO: Primitives created: 1
04:54:32 | INFO: Extracting primitive: Mesh_227
04:54:32 | WARNING: More than one shader node tex image used for a texture. The resulting glTF sampler will behave like the first shader node tex image.
04:54:32 | INFO: Primitives created: 1
04:54:32 | INFO: Extracting primitive: Mesh_231
04:54:32 | WARNING: More than one shader node tex image used for a texture. The resulting glTF sampler will behave like the first shader node tex image.
04:54:32 | INFO: Primitives created: 1
04:54:32 | INFO: Extracting primitive: Mesh_233
04:54:32 | WARNING: More than one shader node tex image used for a texture. The resulting glTF sampler will behave like the first shader node tex image.
04:54:32 | INFO: Primitives created: 1
04:54:32 | INFO: Extracting primitive: Mesh_232
04:54:32 | WARNING: More than one shader node tex image used for a texture. The resulting glTF sampler will behave like the first shader node tex image.
04:54:32 | INFO: Primitives created: 1
04:54:32 | INFO: Extracting primitive: Mesh_128
04:54:32 | WARNING: More than one shader node tex image used for a texture. The resulting glTF sampler will behave like the first shader node tex image.
04:54:32 | INFO: Primitives created: 1
04:54:32 | INFO: Extracting primitive: Mesh_5
04:54:32 | WARNING: More than one shader node tex image used for a texture. The resulting glTF sampler will behave like the first shader node tex image.
04:54:32 | INFO: Primitives created: 1
04:54:32 | INFO: Extracting primitive: Mesh_6
04:54:32 | WARNING: More than one shader node tex image used for a texture. The resulting glTF sampler will behave like the first shader node tex image.
04:54:32 | INFO: Primitives created: 1
04:54:32 | INFO: Extracting primitive: Mesh_9
04:54:32 | WARNING: More than one shader node tex image used for a texture. The resulting glTF sampler will behave like the first shader node tex image.
04:54:32 | INFO: Primitives created: 1
04:54:32 | INFO: Extracting primitive: Mesh_12
04:54:32 | WARNING: More than one shader node tex image used for a texture. The resulting glTF sampler will behave like the first shader node tex image.
04:54:32 | INFO: Primitives created: 1
04:54:32 | INFO: Extracting primitive: Mesh_15
04:54:32 | WARNING: More than one shader node tex image used for a texture. The resulting glTF sampler will behave like the first shader node tex image.
04:54:32 | INFO: Primitives created: 1
04:54:32 | INFO: Extracting primitive: Mesh_18
04:54:32 | WARNING: More than one shader node tex image used for a texture. The resulting glTF sampler will behave like the first shader node tex image.
04:54:32 | INFO: Primitives created: 1
04:54:32 | INFO: Extracting primitive: Mesh_21
04:54:32 | WARNING: More than one shader node tex image used for a texture. The resulting glTF sampler will behave like the first shader node tex image.
04:54:32 | INFO: Primitives created: 1
04:54:32 | INFO: Extracting primitive: Mesh_4
04:54:32 | WARNING: More than one shader node tex image used for a texture. The resulting glTF sampler will behave like the first shader node tex image.
04:54:32 | INFO: Primitives created: 1
04:54:32 | INFO: Extracting primitive: Mesh_7
04:54:32 | WARNING: More than one shader node tex image used for a texture. The resulting glTF sampler will behave like the first shader node tex image.
04:54:32 | INFO: Primitives created: 1
04:54:32 | INFO: Extracting primitive: Mesh_10
04:54:32 | WARNING: More than one shader node tex image used for a texture. The resulting glTF sampler will behave like the first shader node tex image.
04:54:32 | INFO: Primitives created: 1
04:54:32 | INFO: Extracting primitive: Mesh_13
04:54:32 | WARNING: More than one shader node tex image used for a texture. The resulting glTF sampler will behave like the first shader node tex image.
04:54:32 | INFO: Primitives created: 1
04:54:32 | INFO: Extracting primitive: Mesh_16
04:54:32 | WARNING: More than one shader node tex image used for a texture. The resulting glTF sampler will behave like the first shader node tex image.
04:54:32 | INFO: Primitives created: 1
04:54:32 | INFO: Extracting primitive: Mesh_19
04:54:32 | WARNING: More than one shader node tex image used for a texture. The resulting glTF sampler will behave like the first shader node tex image.
04:54:32 | INFO: Primitives created: 1
04:54:32 | INFO: Extracting primitive: Mesh_8
04:54:32 | WARNING: More than one shader node tex image used for a texture. The resulting glTF sampler will behave like the first shader node tex image.
04:54:32 | INFO: Primitives created: 1
04:54:32 | INFO: Extracting primitive: Mesh_11
04:54:32 | WARNING: More than one shader node tex image used for a texture. The resulting glTF sampler will behave like the first shader node tex image.
04:54:32 | INFO: Primitives created: 1
04:54:32 | INFO: Extracting primitive: Mesh_14
04:54:32 | WARNING: More than one shader node tex image used for a texture. The resulting glTF sampler will behave like the first shader node tex image.
04:54:32 | INFO: Primitives created: 1
04:54:32 | INFO: Extracting primitive: Mesh_17
04:54:32 | WARNING: More than one shader node tex image used for a texture. The resulting glTF sampler will behave like the first shader node tex image.
04:54:32 | INFO: Primitives created: 1
04:54:32 | INFO: Extracting primitive: Mesh_20
04:54:32 | WARNING: More than one shader node tex image used for a texture. The resulting glTF sampler will behave like the first shader node tex image.
04:54:32 | INFO: Primitives created: 1
04:54:32 | INFO: Extracting primitive: Mesh_127
04:54:32 | WARNING: More than one shader node tex image used for a texture. The resulting glTF sampler will behave like the first shader node tex image.
04:54:32 | INFO: Primitives created: 1
04:54:32 | INFO: Extracting primitive: Mesh_74
04:54:32 | WARNING: More than one shader node tex image used for a texture. The resulting glTF sampler will behave like the first shader node tex image.
04:54:32 | INFO: Primitives created: 1
04:54:32 | INFO: Extracting primitive: Mesh_75
04:54:32 | WARNING: More than one shader node tex image used for a texture. The resulting glTF sampler will behave like the first shader node tex image.
04:54:32 | INFO: Primitives created: 1
04:54:32 | INFO: Extracting primitive: Mesh_78
04:54:32 | WARNING: More than one shader node tex image used for a texture. The resulting glTF sampler will behave like the first shader node tex image.
04:54:32 | INFO: Primitives created: 1
04:54:32 | INFO: Extracting primitive: Mesh_81
04:54:32 | WARNING: More than one shader node tex image used for a texture. The resulting glTF sampler will behave like the first shader node tex image.
04:54:32 | INFO: Primitives created: 1
04:54:32 | INFO: Extracting primitive: Mesh_84
04:54:32 | WARNING: More than one shader node tex image used for a texture. The resulting glTF sampler will behave like the first shader node tex image.
04:54:32 | INFO: Primitives created: 1
04:54:32 | INFO: Extracting primitive: Mesh_87
04:54:32 | WARNING: More than one shader node tex image used for a texture. The resulting glTF sampler will behave like the first shader node tex image.
04:54:32 | INFO: Primitives created: 1
04:54:32 | INFO: Extracting primitive: Mesh_90
04:54:32 | WARNING: More than one shader node tex image used for a texture. The resulting glTF sampler will behave like the first shader node tex image.
04:54:32 | INFO: Primitives created: 1
04:54:32 | INFO: Extracting primitive: Mesh_93
04:54:32 | WARNING: More than one shader node tex image used for a texture. The resulting glTF sampler will behave like the first shader node tex image.
04:54:32 | INFO: Primitives created: 1
04:54:32 | INFO: Extracting primitive: Mesh_96
04:54:32 | WARNING: More than one shader node tex image used for a texture. The resulting glTF sampler will behave like the first shader node tex image.
04:54:32 | INFO: Primitives created: 1
04:54:32 | INFO: Extracting primitive: Mesh_99
04:54:32 | WARNING: More than one shader node tex image used for a texture. The resulting glTF sampler will behave like the first shader node tex image.
04:54:32 | INFO: Primitives created: 1
04:54:32 | INFO: Extracting primitive: Mesh_73
04:54:32 | WARNING: More than one shader node tex image used for a texture. The resulting glTF sampler will behave like the first shader node tex image.
04:54:32 | INFO: Primitives created: 1
04:54:32 | INFO: Extracting primitive: Mesh_76
04:54:32 | WARNING: More than one shader node tex image used for a texture. The resulting glTF sampler will behave like the first shader node tex image.
04:54:32 | INFO: Primitives created: 1
04:54:32 | INFO: Extracting primitive: Mesh_79
04:54:32 | WARNING: More than one shader node tex image used for a texture. The resulting glTF sampler will behave like the first shader node tex image.
04:54:32 | INFO: Primitives created: 1
04:54:32 | INFO: Extracting primitive: Mesh_82
04:54:32 | WARNING: More than one shader node tex image used for a texture. The resulting glTF sampler will behave like the first shader node tex image.
04:54:32 | INFO: Primitives created: 1
04:54:32 | INFO: Extracting primitive: Mesh_85
04:54:32 | WARNING: More than one shader node tex image used for a texture. The resulting glTF sampler will behave like the first shader node tex image.
04:54:32 | INFO: Primitives created: 1
04:54:32 | INFO: Extracting primitive: Mesh_88
04:54:32 | WARNING: More than one shader node tex image used for a texture. The resulting glTF sampler will behave like the first shader node tex image.
04:54:32 | INFO: Primitives created: 1
04:54:32 | INFO: Extracting primitive: Mesh_91
04:54:32 | WARNING: More than one shader node tex image used for a texture. The resulting glTF sampler will behave like the first shader node tex image.
04:54:32 | INFO: Primitives created: 1
04:54:32 | INFO: Extracting primitive: Mesh_94
04:54:32 | WARNING: More than one shader node tex image used for a texture. The resulting glTF sampler will behave like the first shader node tex image.
04:54:32 | INFO: Primitives created: 1
04:54:32 | INFO: Extracting primitive: Mesh_97
04:54:32 | WARNING: More than one shader node tex image used for a texture. The resulting glTF sampler will behave like the first shader node tex image.
04:54:32 | INFO: Primitives created: 1
04:54:32 | INFO: Extracting primitive: Mesh_77
04:54:32 | WARNING: More than one shader node tex image used for a texture. The resulting glTF sampler will behave like the first shader node tex image.
04:54:32 | INFO: Primitives created: 1
04:54:32 | INFO: Extracting primitive: Mesh_80
04:54:32 | WARNING: More than one shader node tex image used for a texture. The resulting glTF sampler will behave like the first shader node tex image.
04:54:32 | INFO: Primitives created: 1
04:54:32 | INFO: Extracting primitive: Mesh_83
04:54:32 | WARNING: More than one shader node tex image used for a texture. The resulting glTF sampler will behave like the first shader node tex image.
04:54:32 | INFO: Primitives created: 1
04:54:32 | INFO: Extracting primitive: Mesh_86
04:54:32 | WARNING: More than one shader node tex image used for a texture. The resulting glTF sampler will behave like the first shader node tex image.
04:54:32 | INFO: Primitives created: 1
04:54:32 | INFO: Extracting primitive: Mesh_89
04:54:32 | WARNING: More than one shader node tex image used for a texture. The resulting glTF sampler will behave like the first shader node tex image.
04:54:32 | INFO: Primitives created: 1
04:54:32 | INFO: Extracting primitive: Mesh_92
04:54:32 | WARNING: More than one shader node tex image used for a texture. The resulting glTF sampler will behave like the first shader node tex image.
04:54:32 | INFO: Primitives created: 1
04:54:32 | INFO: Extracting primitive: Mesh_95
04:54:32 | WARNING: More than one shader node tex image used for a texture. The resulting glTF sampler will behave like the first shader node tex image.
04:54:32 | INFO: Primitives created: 1
04:54:32 | INFO: Extracting primitive: Mesh_98
04:54:32 | WARNING: More than one shader node tex image used for a texture. The resulting glTF sampler will behave like the first shader node tex image.
04:54:32 | INFO: Primitives created: 1
04:54:32 | INFO: Extracting primitive: Mesh_1
04:54:32 | WARNING: More than one shader node tex image used for a texture. The resulting glTF sampler will behave like the first shader node tex image.
04:54:32 | INFO: Primitives created: 1
04:54:32 | INFO: Finished glTF 2.0 export in 0.7350950241088867 s

04:54:32 | INFO: Data are loaded, start creating Blender stuff
04:54:32 | INFO: Blender create Mesh node Mesh_316
04:54:32 | INFO: Blender create Mesh node Mesh_315
04:54:32 | INFO: Blender create Mesh node Mesh_314
04:54:32 | INFO: Blender create Mesh node Mesh_313
04:54:32 | INFO: Blender create Mesh node Mesh_320
04:54:32 | INFO: Blender create Mesh node Mesh_319
04:54:32 | INFO: Blender create Mesh node Mesh_318
04:54:32 | INFO: Blender create Mesh node Mesh_317
04:54:32 | INFO: Blender create Mesh node Mesh_3
04:54:32 | INFO: Blender create Mesh node Mesh_132
04:54:32 | INFO: Blender create Mesh node Mesh_134
04:54:32 | INFO: Blender create Mesh node Mesh_133
04:54:32 | INFO: Blender create Mesh node Mesh_129
04:54:32 | INFO: Blender create Mesh node Mesh_41
04:54:32 | INFO: Blender create Mesh node Mesh_42
04:54:32 | INFO: Blender create Mesh node Mesh_45
04:54:32 | INFO: Blender create Mesh node Mesh_48
04:54:32 | INFO: Blender create Mesh node Mesh_51
04:54:32 | INFO: Blender create Mesh node Mesh_54
04:54:32 | INFO: Blender create Mesh node Mesh_57
04:54:32 | INFO: Blender create Mesh node Mesh_60
04:54:32 | INFO: Blender create Mesh node Mesh_63
04:54:32 | INFO: Blender create Mesh node Mesh_66
04:54:32 | INFO: Blender create Mesh node Mesh_69
04:54:32 | INFO: Blender create Mesh node Mesh_72
04:54:32 | INFO: Blender create Mesh node Mesh_40
04:54:32 | INFO: Blender create Mesh node Mesh_43
04:54:32 | INFO: Blender create Mesh node Mesh_46
04:54:32 | INFO: Blender create Mesh node Mesh_49
04:54:32 | INFO: Blender create Mesh node Mesh_52
04:54:32 | INFO: Blender create Mesh node Mesh_55
04:54:32 | INFO: Blender create Mesh node Mesh_58
04:54:32 | INFO: Blender create Mesh node Mesh_61
04:54:32 | INFO: Blender create Mesh node Mesh_64
04:54:32 | INFO: Blender create Mesh node Mesh_67
04:54:32 | INFO: Blender create Mesh node Mesh_70
04:54:32 | INFO: Blender create Mesh node Mesh_44
04:54:32 | INFO: Blender create Mesh node Mesh_47
04:54:32 | INFO: Blender create Mesh node Mesh_50
04:54:32 | INFO: Blender create Mesh node Mesh_53
04:54:32 | INFO: Blender create Mesh node Mesh_56
04:54:32 | INFO: Blender create Mesh node Mesh_59
04:54:32 | INFO: Blender create Mesh node Mesh_62
04:54:32 | INFO: Blender create Mesh node Mesh_65
04:54:32 | INFO: Blender create Mesh node Mesh_68
04:54:32 | INFO: Blender create Mesh node Mesh_71
04:54:32 | INFO: Blender create Mesh node Mesh_131
04:54:32 | INFO: Blender create Mesh node Mesh_23
04:54:32 | INFO: Blender create Mesh node Mesh_24
04:54:32 | INFO: Blender create Mesh node Mesh_27
04:54:32 | INFO: Blender create Mesh node Mesh_30
04:54:32 | INFO: Blender create Mesh node Mesh_33
04:54:32 | INFO: Blender create Mesh node Mesh_36
04:54:32 | INFO: Blender create Mesh node Mesh_39
04:54:32 | INFO: Blender create Mesh node Mesh_22
04:54:32 | INFO: Blender create Mesh node Mesh_25
04:54:32 | INFO: Blender create Mesh node Mesh_28
04:54:32 | INFO: Blender create Mesh node Mesh_31
04:54:32 | INFO: Blender create Mesh node Mesh_34
04:54:32 | INFO: Blender create Mesh node Mesh_37
04:54:32 | INFO: Blender create Mesh node Mesh_26
04:54:32 | INFO: Blender create Mesh node Mesh_29
04:54:32 | INFO: Blender create Mesh node Mesh_32
04:54:32 | INFO: Blender create Mesh node Mesh_35
04:54:32 | INFO: Blender create Mesh node Mesh_38
04:54:32 | INFO: Blender create Mesh node Mesh_130
04:54:32 | INFO: Blender create Mesh node Mesh_101
04:54:32 | INFO: Blender create Mesh node Mesh_102
04:54:32 | INFO: Blender create Mesh node Mesh_105
04:54:32 | INFO: Blender create Mesh node Mesh_108
04:54:32 | INFO: Blender create Mesh node Mesh_111
04:54:32 | INFO: Blender create Mesh node Mesh_114
04:54:32 | INFO: Blender create Mesh node Mesh_117
04:54:32 | INFO: Blender create Mesh node Mesh_120
04:54:32 | INFO: Blender create Mesh node Mesh_123
04:54:32 | INFO: Blender create Mesh node Mesh_126
04:54:32 | INFO: Blender create Mesh node Mesh_100
04:54:32 | INFO: Blender create Mesh node Mesh_103
04:54:32 | INFO: Blender create Mesh node Mesh_106
04:54:32 | INFO: Blender create Mesh node Mesh_109
04:54:32 | INFO: Blender create Mesh node Mesh_112
04:54:32 | INFO: Blender create Mesh node Mesh_115
04:54:32 | INFO: Blender create Mesh node Mesh_118
04:54:32 | INFO: Blender create Mesh node Mesh_121
04:54:32 | INFO: Blender create Mesh node Mesh_124
04:54:32 | INFO: Blender create Mesh node Mesh_104
04:54:32 | INFO: Blender create Mesh node Mesh_107
04:54:32 | INFO: Blender create Mesh node Mesh_110
04:54:32 | INFO: Blender create Mesh node Mesh_113
04:54:32 | INFO: Blender create Mesh node Mesh_116
04:54:32 | INFO: Blender create Mesh node Mesh_119
04:54:32 | INFO: Blender create Mesh node Mesh_122
04:54:32 | INFO: Blender create Mesh node Mesh_125
04:54:32 | INFO: Blender create Mesh node Mesh_2
04:54:32 | INFO: Blender create Mesh node Mesh_138
04:54:32 | INFO: Blender create Mesh node Mesh_137
04:54:32 | INFO: Blender create Mesh node Mesh_136
04:54:32 | INFO: Blender create Mesh node Mesh_135
04:54:32 | INFO: Blender create Mesh node Mesh_0
04:54:32 | INFO: Blender create Mesh node Mesh_250
04:54:32 | INFO: Blender create Mesh node Mesh_251
04:54:32 | INFO: Blender create Mesh node Mesh_252
04:54:32 | INFO: Blender create Mesh node Mesh_253
04:54:32 | INFO: Blender create Mesh node Mesh_254
04:54:32 | INFO: Blender create Mesh node Mesh_255
04:54:32 | INFO: Blender create Mesh node Mesh_256
04:54:32 | INFO: Blender create Mesh node Mesh_257
04:54:32 | INFO: Blender create Mesh node Mesh_258
04:54:32 | INFO: Blender create Mesh node Mesh_259
04:54:32 | INFO: Blender create Mesh node Mesh_260
04:54:32 | INFO: Blender create Mesh node Mesh_239
04:54:32 | INFO: Blender create Mesh node Mesh_240
04:54:32 | INFO: Blender create Mesh node Mesh_241
04:54:32 | INFO: Blender create Mesh node Mesh_242
04:54:32 | INFO: Blender create Mesh node Mesh_243
04:54:32 | INFO: Blender create Mesh node Mesh_244
04:54:32 | INFO: Blender create Mesh node Mesh_245
04:54:32 | INFO: Blender create Mesh node Mesh_246
04:54:32 | INFO: Blender create Mesh node Mesh_247
04:54:32 | INFO: Blender create Mesh node Mesh_248
04:54:32 | INFO: Blender create Mesh node Mesh_249
04:54:32 | INFO: Blender create Mesh node Mesh_238
04:54:32 | INFO: Blender create Mesh node Mesh_262
04:54:32 | INFO: Blender create Mesh node Mesh_261
04:54:32 | INFO: Blender create Mesh node Mesh_275
04:54:32 | INFO: Blender create Mesh node Mesh_276
04:54:32 | INFO: Blender create Mesh node Mesh_277
04:54:32 | INFO: Blender create Mesh node Mesh_278
04:54:32 | INFO: Blender create Mesh node Mesh_279
04:54:32 | INFO: Blender create Mesh node Mesh_280
04:54:32 | INFO: Blender create Mesh node Mesh_281
04:54:32 | INFO: Blender create Mesh node Mesh_282
04:54:32 | INFO: Blender create Mesh node Mesh_283
04:54:32 | INFO: Blender create Mesh node Mesh_284
04:54:32 | INFO: Blender create Mesh node Mesh_285
04:54:32 | INFO: Blender create Mesh node Mesh_264
04:54:32 | INFO: Blender create Mesh node Mesh_265
04:54:32 | INFO: Blender create Mesh node Mesh_266
04:54:32 | INFO: Blender create Mesh node Mesh_267
04:54:32 | INFO: Blender create Mesh node Mesh_268
04:54:32 | INFO: Blender create Mesh node Mesh_269
04:54:32 | INFO: Blender create Mesh node Mesh_270
04:54:32 | INFO: Blender create Mesh node Mesh_271
04:54:32 | INFO: Blender create Mesh node Mesh_272
04:54:32 | INFO: Blender create Mesh node Mesh_273
04:54:32 | INFO: Blender create Mesh node Mesh_274
04:54:32 | INFO: Blender create Mesh node Mesh_263
04:54:32 | INFO: Blender create Mesh node Mesh_287
04:54:32 | INFO: Blender create Mesh node Mesh_286
04:54:32 | INFO: Blender create Mesh node Mesh_300
04:54:32 | INFO: Blender create Mesh node Mesh_301
04:54:32 | INFO: Blender create Mesh node Mesh_302
04:54:32 | INFO: Blender create Mesh node Mesh_303
04:54:32 | INFO: Blender create Mesh node Mesh_304
04:54:32 | INFO: Blender create Mesh node Mesh_305
04:54:32 | INFO: Blender create Mesh node Mesh_306
04:54:32 | INFO: Blender create Mesh node Mesh_307
04:54:32 | INFO: Blender create Mesh node Mesh_308
04:54:32 | INFO: Blender create Mesh node Mesh_309
04:54:32 | INFO: Blender create Mesh node Mesh_310
04:54:32 | INFO: Blender create Mesh node Mesh_289
04:54:32 | INFO: Blender create Mesh node Mesh_290
04:54:32 | INFO: Blender create Mesh node Mesh_291
04:54:32 | INFO: Blender create Mesh node Mesh_292
04:54:32 | INFO: Blender create Mesh node Mesh_293
04:54:32 | INFO: Blender create Mesh node Mesh_294
04:54:32 | INFO: Blender create Mesh node Mesh_295
04:54:32 | INFO: Blender create Mesh node Mesh_296
04:54:32 | INFO: Blender create Mesh node Mesh_297
04:54:32 | INFO: Blender create Mesh node Mesh_298
04:54:32 | INFO: Blender create Mesh node Mesh_299
04:54:32 | INFO: Blender create Mesh node Mesh_288
04:54:32 | INFO: Blender create Mesh node Mesh_312
04:54:32 | INFO: Blender create Mesh node Mesh_311
04:54:32 | INFO: Blender create Mesh node Mesh_142
04:54:32 | INFO: Blender create Mesh node Mesh_140
04:54:33 | INFO: Blender create Mesh node Mesh_148
04:54:33 | INFO: Blender create Mesh node Mesh_149
04:54:33 | INFO: Blender create Mesh node Mesh_147
04:54:33 | INFO: Blender create Mesh node Mesh_141
04:54:33 | INFO: Blender create Mesh node Mesh_146
04:54:33 | INFO: Blender create Mesh node Mesh_139
04:54:33 | INFO: Blender create Mesh node Mesh_143
04:54:33 | INFO: Blender create Mesh node Mesh_145
04:54:33 | INFO: Blender create Mesh node Mesh_144
04:54:33 | INFO: Blender create Mesh node Mesh_153
04:54:33 | INFO: Blender create Mesh node Mesh_151
04:54:33 | INFO: Blender create Mesh node Mesh_159
04:54:33 | INFO: Blender create Mesh node Mesh_160
04:54:33 | INFO: Blender create Mesh node Mesh_158
04:54:33 | INFO: Blender create Mesh node Mesh_152
04:54:33 | INFO: Blender create Mesh node Mesh_157
04:54:33 | INFO: Blender create Mesh node Mesh_150
04:54:33 | INFO: Blender create Mesh node Mesh_154
04:54:33 | INFO: Blender create Mesh node Mesh_156
04:54:33 | INFO: Blender create Mesh node Mesh_155
04:54:33 | INFO: Blender create Mesh node Mesh_164
04:54:33 | INFO: Blender create Mesh node Mesh_162
04:54:33 | INFO: Blender create Mesh node Mesh_170
04:54:33 | INFO: Blender create Mesh node Mesh_171
04:54:33 | INFO: Blender create Mesh node Mesh_169
04:54:33 | INFO: Blender create Mesh node Mesh_163
04:54:33 | INFO: Blender create Mesh node Mesh_168
04:54:33 | INFO: Blender create Mesh node Mesh_161
04:54:33 | INFO: Blender create Mesh node Mesh_165
04:54:33 | INFO: Blender create Mesh node Mesh_167
04:54:33 | INFO: Blender create Mesh node Mesh_166
04:54:33 | INFO: Blender create Mesh node Mesh_175
04:54:33 | INFO: Blender create Mesh node Mesh_173
04:54:33 | INFO: Blender create Mesh node Mesh_181
04:54:33 | INFO: Blender create Mesh node Mesh_182
04:54:33 | INFO: Blender create Mesh node Mesh_180
04:54:33 | INFO: Blender create Mesh node Mesh_174
04:54:33 | INFO: Blender create Mesh node Mesh_179
04:54:33 | INFO: Blender create Mesh node Mesh_172
04:54:33 | INFO: Blender create Mesh node Mesh_176
04:54:33 | INFO: Blender create Mesh node Mesh_178
04:54:33 | INFO: Blender create Mesh node Mesh_177
04:54:33 | INFO: Blender create Mesh node Mesh_208
04:54:33 | INFO: Blender create Mesh node Mesh_206
04:54:33 | INFO: Blender create Mesh node Mesh_214
04:54:33 | INFO: Blender create Mesh node Mesh_215
04:54:33 | INFO: Blender create Mesh node Mesh_213
04:54:33 | INFO: Blender create Mesh node Mesh_207
04:54:33 | INFO: Blender create Mesh node Mesh_212
04:54:33 | INFO: Blender create Mesh node Mesh_205
04:54:33 | INFO: Blender create Mesh node Mesh_209
04:54:33 | INFO: Blender create Mesh node Mesh_211
04:54:33 | INFO: Blender create Mesh node Mesh_210
04:54:33 | INFO: Blender create Mesh node Mesh_186
04:54:33 | INFO: Blender create Mesh node Mesh_184
04:54:33 | INFO: Blender create Mesh node Mesh_192
04:54:33 | INFO: Blender create Mesh node Mesh_193
04:54:33 | INFO: Blender create Mesh node Mesh_191
04:54:33 | INFO: Blender create Mesh node Mesh_185
04:54:33 | INFO: Blender create Mesh node Mesh_190
04:54:33 | INFO: Blender create Mesh node Mesh_183
04:54:33 | INFO: Blender create Mesh node Mesh_187
04:54:33 | INFO: Blender create Mesh node Mesh_189
04:54:33 | INFO: Blender create Mesh node Mesh_188
04:54:33 | INFO: Blender create Mesh node Mesh_197
04:54:33 | INFO: Blender create Mesh node Mesh_195
04:54:33 | INFO: Blender create Mesh node Mesh_203
04:54:33 | INFO: Blender create Mesh node Mesh_204
04:54:33 | INFO: Blender create Mesh node Mesh_202
04:54:33 | INFO: Blender create Mesh node Mesh_196
04:54:33 | INFO: Blender create Mesh node Mesh_201
04:54:33 | INFO: Blender create Mesh node Mesh_194
04:54:33 | INFO: Blender create Mesh node Mesh_198
04:54:33 | INFO: Blender create Mesh node Mesh_200
04:54:33 | INFO: Blender create Mesh node Mesh_199
04:54:33 | INFO: Blender create Mesh node Mesh_219
04:54:33 | INFO: Blender create Mesh node Mesh_217
04:54:33 | INFO: Blender create Mesh node Mesh_225
04:54:33 | INFO: Blender create Mesh node Mesh_226
04:54:33 | INFO: Blender create Mesh node Mesh_224
04:54:33 | INFO: Blender create Mesh node Mesh_218
04:54:33 | INFO: Blender create Mesh node Mesh_223
04:54:33 | INFO: Blender create Mesh node Mesh_216
04:54:33 | INFO: Blender create Mesh node Mesh_220
04:54:33 | INFO: Blender create Mesh node Mesh_222
04:54:33 | INFO: Blender create Mesh node Mesh_221
04:54:33 | INFO: Blender create Mesh node Mesh_230
04:54:33 | INFO: Blender create Mesh node Mesh_228
04:54:33 | INFO: Blender create Mesh node Mesh_236
04:54:33 | INFO: Blender create Mesh node Mesh_237
04:54:33 | INFO: Blender create Mesh node Mesh_235
04:54:33 | INFO: Blender create Mesh node Mesh_229
04:54:33 | INFO: Blender create Mesh node Mesh_234
04:54:33 | INFO: Blender create Mesh node Mesh_227
04:54:33 | INFO: Blender create Mesh node Mesh_231
04:54:33 | INFO: Blender create Mesh node Mesh_233
04:54:33 | INFO: Blender create Mesh node Mesh_232
04:54:33 | INFO: Blender create Mesh node Mesh_128
04:54:33 | INFO: Blender create Mesh node Mesh_5
04:54:33 | INFO: Blender create Mesh node Mesh_6
04:54:33 | INFO: Blender create Mesh node Mesh_9
04:54:33 | INFO: Blender create Mesh node Mesh_12
04:54:33 | INFO: Blender create Mesh node Mesh_15
04:54:33 | INFO: Blender create Mesh node Mesh_18
04:54:33 | INFO: Blender create Mesh node Mesh_21
04:54:33 | INFO: Blender create Mesh node Mesh_4
04:54:33 | INFO: Blender create Mesh node Mesh_7
04:54:33 | INFO: Blender create Mesh node Mesh_10
04:54:33 | INFO: Blender create Mesh node Mesh_13
04:54:33 | INFO: Blender create Mesh node Mesh_16
04:54:33 | INFO: Blender create Mesh node Mesh_19
04:54:33 | INFO: Blender create Mesh node Mesh_8
04:54:33 | INFO: Blender create Mesh node Mesh_11
04:54:33 | INFO: Blender create Mesh node Mesh_14
04:54:33 | INFO: Blender create Mesh node Mesh_17
04:54:33 | INFO: Blender create Mesh node Mesh_20
04:54:33 | INFO: Blender create Mesh node Mesh_127
04:54:33 | INFO: Blender create Mesh node Mesh_74
04:54:33 | INFO: Blender create Mesh node Mesh_75
04:54:33 | INFO: Blender create Mesh node Mesh_78
04:54:33 | INFO: Blender create Mesh node Mesh_81
04:54:33 | INFO: Blender create Mesh node Mesh_84
04:54:33 | INFO: Blender create Mesh node Mesh_87
04:54:33 | INFO: Blender create Mesh node Mesh_90
04:54:33 | INFO: Blender create Mesh node Mesh_93
04:54:33 | INFO: Blender create Mesh node Mesh_96
04:54:33 | INFO: Blender create Mesh node Mesh_99
04:54:33 | INFO: Blender create Mesh node Mesh_73
04:54:33 | INFO: Blender create Mesh node Mesh_76
04:54:33 | INFO: Blender create Mesh node Mesh_79
04:54:33 | INFO: Blender create Mesh node Mesh_82
04:54:33 | INFO: Blender create Mesh node Mesh_85
04:54:33 | INFO: Blender create Mesh node Mesh_88
04:54:33 | INFO: Blender create Mesh node Mesh_91
04:54:33 | INFO: Blender create Mesh node Mesh_94
04:54:33 | INFO: Blender create Mesh node Mesh_97
04:54:33 | INFO: Blender create Mesh node Mesh_77
04:54:33 | INFO: Blender create Mesh node Mesh_80
04:54:33 | INFO: Blender create Mesh node Mesh_83
04:54:33 | INFO: Blender create Mesh node Mesh_86
04:54:33 | INFO: Blender create Mesh node Mesh_89
04:54:33 | INFO: Blender create Mesh node Mesh_92
04:54:33 | INFO: Blender create Mesh node Mesh_95
04:54:33 | INFO: Blender create Mesh node Mesh_98
04:54:33 | INFO: Blender create Mesh node Mesh_1
04:54:33 | INFO: glTF import finished in 0.96s
{
  "schema": "morphloom.blender-roundtrip/0.2",
  "pass": true,
  "exportTangentsRequiredBySource": true,
  "blenderVersion": "5.2.1 LTS",
  "source": "laurel-homes-architecture.glb",
  "sourceBytes": 29636712,
  "sourceSha256": "a7ea7dc3300d8d261b50e925ce586ffb4c2580981bc05b98b91900f0c329cca2",
  "roundTrip": "actual-native.glb",
  "roundTripBytes": 27856404,
  "roundTripSha256": "cd6395a371fb192f684b22835b55dd07696ac25f54eeeff6fb4e81ba63822c77",
  "boundsErrorMm": 0.0,
  "boundsToleranceMm": 0.1,
  "geometryParity": true,
  "imageParity": true,
  "skinningParity": true,
  "lostImageDimensions": [
    [
      1,
      1
    ]
  ],
  "addedImageDimensions": [],
  "imported": {
    "objects": 322,
    "excludedImporterHelpers": 0,
    "meshes": 321,
    "vertices": 566244,
    "polygons": 188748,
    "materials": 321,
    "images": 21,
    "imageNames": [
      "Image_0",
      "Image_1",
      "Image_10",
      "Image_11",
      "Image_12",
      "Image_13",
      "Image_14",
      "Image_15",
      "Image_16",
      "Image_17",
      "Image_18",
      "Image_19",
      "Image_2",
      "Image_20",
      "Image_3",
      "Image_4",
      "Image_5",
      "Image_6",
      "Image_7",
      "Image_8",
      "Image_9"
    ],
    "imageDimensions": [
      [
        1,
        1
      ],
      [
        64,
        64
      ],
      [
        64,
        64
      ],
      [
        64,
        64
      ],
      [
        64,
        64
      ],
      [
        64,
        64
      ],
      [
        64,
        64
      ],
      [
        64,
        64
      ],
      [
        64,
        64
      ],
      [
        64,
        64
      ],
      [
        64,
        64
      ],
      [
        64,
        64
      ],
      [
        64,
        64
      ],
      [
        64,
        64
      ],
      [
        64,
        64
      ],
      [
        64,
        64
      ],
      [
        64,
        64
      ],
      [
        64,
        64
      ],
      [
        64,
        64
      ],
      [
        64,
        64
      ],
      [
        64,
        64
      ]
    ],
    "shapeKeys": 0,
    "skinnedVertices": 0,
    "weightedVertices": 0,
    "weightedCoverage": 1.0,
    "armatures": 0,
    "bones": 0,
    "boneNames": [],
    "actions": 0,
    "actionNames": [],
    "geometryMoments": {
      "cornerCount": 566244,
      "cornerSum": [
        100399.83054471016,
        477984.37860542536,
        608756.4006285723
      ],
      "cornerSumSquares": [
        92136179.36359191,
        14908681.968322106,
        1107239.9983003687
      ],
      "surfaceAreaSquareMeters": 3461.6359382362098
    },
    "boundsMeters": {
      "min": [
        -21.36359977722168,
        -8.271200180053711,
        -0.2199999988079071
      ],
      "max": [
        21.36359977722168,
        13.350199699401855,
        2.700000047683716
      ]
    }
  },
  "reopened": {
    "objects": 322,
    "excludedImporterHelpers": 0,
    "meshes": 321,
    "vertices": 566244,
    "polygons": 188748,
    "materials": 321,
    "images": 20,
    "imageNames": [
      "Image_0",
      "Image_1",
      "Image_10",
      "Image_11",
      "Image_12",
      "Image_13",
      "Image_14",
      "Image_15",
      "Image_16",
      "Image_17",
      "Image_18",
      "Image_19",
      "Image_2",
      "Image_20",
      "Image_3",
      "Image_4",
      "Image_5",
      "Image_7",
      "Image_8",
      "Image_9"
    ],
    "imageDimensions": [
      [
        64,
        64
      ],
      [
        64,
        64
      ],
      [
        64,
        64
      ],
      [
        64,
        64
      ],
      [
        64,
        64
      ],
      [
        64,
        64
      ],
      [
        64,
        64
      ],
      [
        64,
        64
      ],
      [
        64,
        64
      ],
      [
        64,
        64
      ],
      [
        64,
        64
      ],
      [
        64,
        64
      ],
      [
        64,
        64
      ],
      [
        64,
        64
      ],
      [
        64,
        64
      ],
      [
        64,
        64
      ],
      [
        64,
        64
      ],
      [
        64,
        64
      ],
      [
        64,
        64
      ],
      [
        64,
        64
      ]
    ],
    "shapeKeys": 0,
    "skinnedVertices": 0,
    "weightedVertices": 0,
    "weightedCoverage": 1.0,
    "armatures": 0,
    "bones": 0,
    "boneNames": [],
    "actions": 0,
    "actionNames": [],
    "geometryMoments": {
      "cornerCount": 566244,
      "cornerSum": [
        100399.83054471016,
        477984.37860542536,
        608756.4006285723
      ],
      "cornerSumSquares": [
        92136179.366138,
        14908681.972415688,
        1107239.9982996818
      ],
      "surfaceAreaSquareMeters": 3461.635948218494
    },
    "boundsMeters": {
      "min": [
        -21.36359977722168,
        -8.271200180053711,
        -0.2199999988079071
      ],
      "max": [
        21.36359977722168,
        13.350199699401855,
        2.700000047683716
      ]
    }
  }
}
Blender 5.2.1 LTS (hash 9e2066aef7ef built 2026-08-25 01:35:57)

Blender quit
